target_id,model,msa_runtime_sec,msa_carbon_emissions_g,model_inference_time_sec,model_carbon_emissions_g,total_time_with_shared_msa_sec,total_carbon_with_shared_msa_g,lddt_ca,ca_rmsd,gdt_ts,gdt_ts_percent,gdt_p1,gdt_p2,gdt_p4,gdt_p8,gdt_ts_method,gdt_ts_error,tmalign_tm_score_ref,GDT_TS,GDT_TS_percent
T1104,esmfold,,,49.127719905925915,0.8889740224945716,49.127719905925915,0.8889740224945716,0.8003412969283277,2.1210953628140112,0.8022,80.22,0.4522,0.8,0.9565,1.0,external_tmscore_matched,,0.85171,0.8022,80.22
T1106s1,esmfold,,,48.33513295999728,0.8684956945664736,48.33513295999728,0.8684956945664736,0.8098349381017882,12.714499369244674,0.4965,49.65,0.3521,0.4789,0.507,0.6479,external_tmscore_matched,,0.50721,0.4965,49.65
T1106s2,esmfold,,,46.47118355915882,0.8291640254696412,46.47118355915882,0.8291640254696412,0.9574000878348704,1.376598047815787,0.9459,94.59,0.8378,0.964,0.982,1.0,external_tmscore_matched,,0.9442,0.9459,94.59
T1112,esmfold,,,83.51125753810629,1.9203951618050399,83.51125753810629,1.9203951618050399,0.857225113025676,3.6004845884973387,0.6663,66.63,0.3527,0.5491,0.7969,0.9665,external_tmscore_matched,,0.868,0.6663,66.63
T1114s1,esmfold,,,51.158785317093134,0.9526684319678482,51.158785317093134,0.9526684319678482,0.8495192307692307,10.459450591987029,0.6907,69.07,0.4237,0.6271,0.8305,0.8814,external_tmscore_matched,,0.58287,0.6907,69.07
T1114s2,esmfold,,,67.4103767639026,1.4471579213502261,67.4103767639026,1.4471579213502261,0.7215511402122375,11.21197000848153,0.6793,67.93,0.4752,0.646,0.764,0.8323,external_tmscore_matched,,0.78059,0.6793,67.93
T1114s3,esmfold,,,106.91393829206936,2.585656177915397,106.91393829206936,2.585656177915397,0.8579947653322229,2.355138624246727,0.8892,88.92,0.6973,0.9102,0.9609,0.9883,external_tmscore_matched,,0.96271,0.8892,88.92
T1120,esmfold,,,53.833198578096926,1.0287506507582735,53.833198578096926,1.0287506507582735,0.8451143451143451,6.688091713018088,0.5154,51.54,0.3421,0.443,0.5088,0.7675,external_tmscore_matched,,0.55064,0.5154,51.54
T1122,esmfold,,,54.14253618684597,1.028240231378536,54.14253618684597,1.028240231378536,0.5304864253393665,15.129296404618596,0.3696,36.96,0.213,0.313,0.4043,0.5478,external_tmscore_matched,,0.45735,0.3696,36.96
T1129s2,esmfold,,,142.83895551902242,3.6701750967741846,142.83895551902242,3.6701750967741846,0.1587818287037037,29.532477570267258,0.0668,6.68,0.0284,0.0341,0.0549,0.1496,external_tmscore_matched,,0.26185,0.0668,6.68
T1133,esmfold,,,121.83822156186216,3.034115982271813,121.83822156186216,3.034115982271813,0.91536589844826,7.45645632962075,0.9181,91.81,0.7702,0.9389,0.9804,0.9829,external_tmscore_matched,,0.98076,0.9181,91.81
T1134s1,esmfold,,,51.67429941985756,0.9781825768146999,51.67429941985756,0.9781825768146999,0.90495503438547,1.698494066534556,0.8902,89.02,0.6652,0.9217,0.9739,1.0,external_tmscore_matched,,0.94588,0.8902,89.02
T1134s2,esmfold,,,61.30219172104262,1.2532000191476826,61.30219172104262,1.2532000191476826,0.8260598503740648,6.471688607475504,0.797,79.7,0.6436,0.802,0.8465,0.896,external_tmscore_matched,,0.85674,0.797,79.7
T1137s1,esmfold,,,74.30376958590932,1.6663559075029506,74.30376958590932,1.6663559075029506,0.7673459715639811,38.66966982647645,0.2978,29.78,0.2143,0.2653,0.3469,0.3648,external_tmscore_matched,,0.34419,0.2978,29.78
T1137s2,esmfold,,,62.35555165912956,1.317976457880564,62.35555165912956,1.317976457880564,0.8869635070002295,46.98745951978927,0.3485,34.849999999999994,0.2716,0.3194,0.3522,0.4507,external_tmscore_matched,,0.37851,0.3485,34.849999999999994
T1137s3,esmfold,,,100.5919012920931,2.4549181083265252,100.5919012920931,2.4549181083265252,0.8944430662366658,45.25881749398043,0.3524,35.24,0.2968,0.3355,0.3677,0.4097,external_tmscore_matched,,0.38621,0.3524,35.24
T1137s4,esmfold,,,109.26324206893332,2.718788426750808,109.26324206893332,2.718788426750808,0.7098579040852576,56.77431139855789,0.3325,33.25,0.2519,0.3247,0.3636,0.3896,external_tmscore_matched,,0.37586,0.3325,33.25
T1137s5,esmfold,,,71.22456417488866,1.574549368298056,71.22456417488866,1.574549368298056,0.7961150652431791,57.76049962719177,0.3108,31.08,0.243,0.3045,0.338,0.3575,external_tmscore_matched,,0.33768,0.3108,31.08
T1137s6,esmfold,,,100.57726841699332,2.4466932709167772,100.57726841699332,2.4466932709167772,0.7824451694761645,72.18779548790953,0.3051,30.51,0.213,0.2607,0.3584,0.3885,external_tmscore_matched,,0.34637,0.3051,30.51
T1137s7,esmfold,,,150.60653554880992,3.9649315102927503,150.60653554880992,3.9649315102927503,0.7935208143024925,13.214510528073944,0.7717,77.17,0.5786,0.8094,0.8328,0.8662,external_tmscore_matched,,0.82849,0.7717,77.17
T1137s8,esmfold,,,54.84279743907973,1.0729749229156047,54.84279743907973,1.0729749229156047,0.8966251379908532,1.5566987221129518,0.8953,89.53,0.7391,0.8617,0.9802,1.0,external_tmscore_matched,,0.94994,0.8953,89.53
T1137s9,esmfold,,,57.25600781897083,1.1531557704104671,57.25600781897083,1.1531557704104671,0.9064239332096476,1.5869604489434932,0.8688,86.88,0.5932,0.9011,0.981,1.0,external_tmscore_matched,,0.9477,0.8688,86.88
T1145,esmfold,,,140.00354929408059,3.6400246228691926,140.00354929408059,3.6400246228691926,0.5981229159480281,28.65262762747991,0.2943,29.43,0.1883,0.2373,0.2991,0.4525,external_tmscore_matched,,0.43239,0.2943,29.43
T1147,esmfold,,,51.603436660952866,0.9262680531326525,51.603436660952866,0.9262680531326525,0.9259070005109862,1.1519488308282126,0.9429,94.29,0.8261,0.9565,0.9891,1.0,external_tmscore_matched,,0.93687,0.9429,94.29
T1151s2,esmfold,,,46.596769264899194,0.8388771208533085,46.596769264899194,0.8388771208533085,0.8262764632627646,2.61097199465945,0.8661,86.61,0.7381,0.8452,0.8929,0.9881,external_tmscore_matched,,0.85064,0.8661,86.61
T1155,esmfold,,,46.55511267809197,0.8347581631139585,46.55511267809197,0.8347581631139585,0.6334919948074427,7.027905422074234,0.6078,60.78,0.2931,0.5086,0.7328,0.8966,external_tmscore_matched,,0.67013,0.6078,60.78
T1157s2,esmfold,,,91.35379795404151,2.1694907366130916,91.35379795404151,2.1694907366130916,0.9094405594405596,8.736272374427205,0.4364,43.64,0.2716,0.2974,0.4677,0.7091,external_tmscore_matched,,0.63928,0.4364,43.64
T1159,esmfold,,,48.17680739611387,0.8803979642674125,48.17680739611387,0.8803979642674125,0.7832506203473946,3.0627434183081923,0.7609,76.09,0.4813,0.6938,0.875,0.9938,external_tmscore_matched,,0.85014,0.7609,76.09
T1183,esmfold,,,49.96053524292074,0.931863728182082,49.96053524292074,0.931863728182082,0.9523981806905106,1.1597106647116788,0.9615,96.15,0.8769,0.9795,0.9897,1.0,external_tmscore_matched,,0.97489,0.9615,96.15
T1185s1,esmfold,,,64.04346557590179,1.3465967452227916,64.04346557590179,1.3465967452227916,0.8615642994241842,9.201022916549878,0.85,85.0,0.8,0.8571,0.8714,0.8714,external_tmscore_matched,,0.82899,0.85,85.0
T1185s2,esmfold,,,67.30318220099434,1.4580120548843638,67.30318220099434,1.4580120548843638,0.8442094944685617,8.286217249761828,0.7204,72.04,0.5942,0.7061,0.7668,0.8147,external_tmscore_matched,,0.82596,0.7204,72.04
T1185s4,esmfold,,,56.33591033401899,1.1242925950604525,56.33591033401899,1.1242925950604525,0.8394804954705121,2.1313946001998705,0.8718,87.18,0.6752,0.859,0.953,1.0,external_tmscore_matched,,0.93014,0.8718,87.18
T1194,esmfold,,,48.59793928894214,0.8962581453378075,48.59793928894214,0.8962581453378075,0.9531811185223192,0.6400151025665802,0.9878,98.78,0.9512,1.0,1.0,1.0,external_tmscore_matched,,0.98303,0.9878,98.78
T1212,esmfold,,,85.26665957807563,1.99300936710637,85.26665957807563,1.99300936710637,0.7451111521077391,15.286011676961955,0.7328,73.28,0.5236,0.7425,0.8197,0.8455,external_tmscore_matched,,0.83042,0.7328,73.28
T1227s1,esmfold,,,77.60988927283324,1.7631815030024016,77.60988927283324,1.7631815030024016,0.8903933278418452,1.7778400220207184,0.8284,82.84,0.4643,0.8699,0.9796,1.0,external_tmscore_matched,,0.95478,0.8284,82.84
T1266,esmfold,,,62.351000904105604,1.3056379353511829,62.351000904105604,1.3056379353511829,0.6546339139902014,13.944181300878336,0.5696,56.96,0.4933,0.5604,0.5973,0.6275,external_tmscore_matched,,0.63982,0.5696,56.96
T1272s2,esmfold,,,65.37244237610139,1.4027855727269334,65.37244237610139,1.4027855727269334,0.8216148174788708,40.08141564713513,0.6191,61.91,0.429,0.6309,0.6877,0.7287,external_tmscore_matched,,0.6928,0.6191,61.91
T1272s3,esmfold,,,60.60054773604497,1.2559278980256594,60.60054773604497,1.2559278980256594,0.7729007633587787,12.30798591927334,0.291,29.1,0.1298,0.2252,0.2824,0.5267,external_tmscore_matched,,0.44445,0.291,29.1
T1272s4,esmfold,,,56.80780251300894,1.138364520662039,56.80780251300894,1.138364520662039,0.8321615106468461,15.43923756268491,0.2862,28.62,0.1227,0.2193,0.3197,0.4833,external_tmscore_matched,,0.39709,0.2862,28.62
T1272s5,esmfold,,,56.7688255070243,1.145620931559269,56.7688255070243,1.145620931559269,0.803357314148681,9.433581757475508,0.3722,37.22,0.1288,0.2765,0.4773,0.6061,external_tmscore_matched,,0.5286,0.3722,37.22
T1272s6,esmfold,,,135.20937974005938,3.4852464718392913,135.20937974005938,3.4852464718392913,0.8484108265947888,20.744816582119636,0.5119,51.190000000000005,0.3925,0.4975,0.56,0.5975,external_tmscore_matched,,0.58556,0.5119,51.190000000000005
T1272s7,esmfold,,,52.081489904085174,1.0007894769472945,52.081489904085174,1.0007894769472945,0.7586206896551724,41.331125906582,0.4086,40.86,0.2276,0.4345,0.4759,0.4966,external_tmscore_matched,,0.43938,0.4086,40.86
T1272s9,esmfold,,,52.20096730487421,0.9995484120971475,52.20096730487421,0.9995484120971475,0.8360021350413664,3.1567107362411315,0.8,80.0,0.5886,0.7543,0.8857,0.9714,external_tmscore_matched,,0.86227,0.8,80.0
T1280,esmfold,,,52.41525108506903,1.0092112826442527,52.41525108506903,1.0092112826442527,0.953524336643334,0.86234211536952,0.953,95.3,0.8248,0.9915,0.9957,1.0,external_tmscore_matched,,0.98194,0.953,95.3
T1299,esmfold,,,48.57437235186808,0.8989008106173902,48.57437235186808,0.8989008106173902,0.9418510523475444,1.024015868327354,0.9524,95.24,0.8333,0.9762,1.0,1.0,external_tmscore_matched,,0.96434,0.9524,95.24
T1104,omegafold,,,22.16815384401707,0.5077497323365114,22.16815384401707,0.5077497323365114,0.4949753507773985,11.98139836196826,0.4457,44.57,0.2522,0.3739,0.487,0.6696,external_tmscore_matched,,0.47206,0.4457,44.57
T1106s1,omegafold,,,22.879897242004517,0.520534958717842,22.879897242004517,0.520534958717842,0.8194635488308116,11.56364437540387,0.4824,48.24,0.3803,0.493,0.493,0.5634,external_tmscore_matched,,0.46341,0.4824,48.24
T1106s2,omegafold,,,22.00924927496817,0.48857105184577815,22.00924927496817,0.48857105184577815,0.920838823012736,2.300173283094129,0.9099,90.99,0.7748,0.9279,0.9459,0.991,external_tmscore_matched,,0.91283,0.9099,90.99
T1112,omegafold,,,169.4154881259892,5.685005056628089,169.4154881259892,5.685005056628089,0.850422246865137,3.162893819705097,0.7042,70.42,0.3683,0.5692,0.9018,0.9777,external_tmscore_matched,,0.89547,0.7042,70.42
T1114s1,omegafold,,,32.64299659599783,0.9067323110335197,32.64299659599783,0.9067323110335197,0.8254807692307693,14.041265906872178,0.6568,65.68,0.4237,0.5763,0.7627,0.8644,external_tmscore_matched,,0.60494,0.6568,65.68
T1114s2,omegafold,,,101.5005991680082,3.3924304489245296,101.5005991680082,3.3924304489245296,0.6369101377286068,13.02433698818398,0.5567,55.67,0.4037,0.5466,0.618,0.6584,external_tmscore_matched,,0.66751,0.5567,55.67
T1114s3,omegafold,,,245.89349800901255,8.514118838732237,245.89349800901255,8.514118838732237,0.7343406103146748,3.9266389753889546,0.7271,72.71,0.418,0.7246,0.834,0.9316,external_tmscore_matched,,0.8962,0.7271,72.71
T1120,omegafold,,,43.630525440967176,1.3062981263152316,43.630525440967176,1.3062981263152316,0.8613421113421114,11.371145753182716,0.4518,45.18,0.3684,0.4518,0.4649,0.5219,external_tmscore_matched,,0.51146,0.4518,45.18
T1122,omegafold,,,45.47211385203991,1.3687270047098927,45.47211385203991,1.3687270047098927,0.4713800904977376,16.787146499857467,0.2739,27.39,0.1304,0.1652,0.3217,0.4783,external_tmscore_matched,,0.41387,0.2739,27.39
T1129s2,omegafold,,,388.0641763700405,12.867693764609783,388.0641763700405,12.867693764609783,0.1817129629629629,28.680583231698588,0.1293,12.93,0.0549,0.0985,0.1553,0.2083,external_tmscore_matched,,0.26523,0.1293,12.93
T1133,omegafold,,,330.93286309897667,11.046800475589121,330.93286309897667,11.046800475589121,0.9042098980809844,6.880145243074043,0.9034,90.34,0.7408,0.9218,0.9682,0.9829,external_tmscore_matched,,0.97572,0.9034,90.34
T1134s1,omegafold,,,43.241207068029325,1.2689796394662654,43.241207068029325,1.2689796394662654,0.900326221125022,2.101359809925024,0.9033,90.33,0.7261,0.9304,0.9652,0.9913,external_tmscore_matched,,0.94713,0.9033,90.33
T1134s2,omegafold,,,79.84988125698874,2.4825340988923994,79.84988125698874,2.4825340988923994,0.8376785309453638,6.194412582596248,0.8292,82.92,0.7327,0.8317,0.8614,0.8911,external_tmscore_matched,,0.87042,0.8292,82.92
T1137s1,omegafold,,,149.7030343809747,4.805749240764648,149.7030343809747,4.805749240764648,0.7733175355450237,62.999587268907405,0.3329,33.29,0.2296,0.3138,0.3597,0.4286,external_tmscore_matched,,0.37633,0.3329,33.29
T1137s2,omegafold,,,94.99428969802102,3.0234205421093523,94.99428969802102,3.0234205421093523,0.889258664218499,62.06453680378232,0.3351,33.51,0.2806,0.3164,0.3493,0.394,external_tmscore_matched,,0.39071,0.3351,33.51
T1137s3,omegafold,,,247.03382559801685,8.124773680033462,247.03382559801685,8.124773680033462,0.8892954601835772,56.32837824134132,0.3339,33.39,0.2806,0.3097,0.3387,0.4065,external_tmscore_matched,,0.34028,0.3339,33.39
T1137s4,omegafold,,,285.2306844010018,9.45267976789537,285.2306844010018,9.45267976789537,0.727708703374778,61.854856714501,0.3325,33.25,0.2519,0.2909,0.3688,0.4182,external_tmscore_matched,,0.38476,0.3325,33.25
T1137s5,omegafold,,,126.54276912298519,4.125009046032726,126.54276912298519,4.125009046032726,0.7986852510873863,56.9555696111753,0.3247,32.47,0.2291,0.3073,0.3743,0.3883,external_tmscore_matched,,0.36635,0.3247,32.47
T1137s6,omegafold,,,248.62443575600628,8.226136379827933,248.62443575600628,8.226136379827933,0.7476889613920609,53.3573348183401,0.2945,29.45,0.213,0.2481,0.3033,0.4135,external_tmscore_matched,,0.38634,0.2945,29.45
T1137s7,omegafold,,,440.8963007989805,14.826081276442338,440.8963007989805,14.826081276442338,0.8146939840793423,16.0106362546362,0.8077,80.77,0.5686,0.8294,0.8997,0.9331,external_tmscore_matched,,0.91672,0.8077,80.77
T1137s8,omegafold,,,57.744815852027386,1.7475774344715327,57.744815852027386,1.7475774344715327,0.9039977921463492,1.4557269679876144,0.8883,88.83,0.6798,0.8854,0.9881,1.0,external_tmscore_matched,,0.95229,0.8883,88.83
T1137s9,omegafold,,,69.17477328301175,2.134959503754919,69.17477328301175,2.134959503754919,0.8730674087816945,2.56672905929981,0.7605,76.05,0.4144,0.6882,0.9544,0.9848,external_tmscore_matched,,0.89396,0.7605,76.05
T1145,omegafold,,,407.0835699230083,13.566512477984547,407.0835699230083,13.566512477984547,0.4688973209152581,25.448742960299533,0.1922,19.22,0.0997,0.1487,0.2168,0.3038,external_tmscore_matched,,0.34163,0.1922,19.22
T1147,omegafold,,,21.05205295898486,0.45659243010704376,21.05205295898486,0.45659243010704376,0.9048288196218702,1.291634267145086,0.9402,94.02,0.8478,0.9239,0.9891,1.0,external_tmscore_matched,,0.92669,0.9402,94.02
T1151s2,omegafold,,,22.193667621992063,0.5005398946153073,22.193667621992063,0.5005398946153073,0.8514943960149439,2.121694793420024,0.872,87.2,0.5952,0.9286,0.9643,1.0,external_tmscore_matched,,0.8675,0.872,87.2
T1155,omegafold,,,22.243053921032697,0.5058601538248118,22.243053921032697,0.5058601538248118,0.6075292081350065,7.252454353260581,0.5927,59.27,0.2931,0.5,0.6983,0.8793,external_tmscore_matched,,0.64259,0.5927,59.27
T1157s2,omegafold,,,224.51121762901312,7.364724384205451,224.51121762901312,7.364724384205451,0.8913752913752914,11.071880433433272,0.4736,47.36,0.25,0.3491,0.5453,0.75,external_tmscore_matched,,0.63323,0.4736,47.36
T1159,omegafold,,,27.867882177000865,0.7053717089073585,27.867882177000865,0.7053717089073585,0.6449131513647643,5.878629068453728,0.5828,58.28,0.3,0.475,0.65,0.9062,external_tmscore_matched,,0.71274,0.5828,58.28
T1183,omegafold,,,35.37807371199597,0.9869489234070337,35.37807371199597,0.9869489234070337,0.8320239818069051,5.447139099042203,0.8256,82.56,0.6564,0.8205,0.8872,0.9385,external_tmscore_matched,,0.87564,0.8256,82.56
T1185s1,omegafold,,,97.7251846040017,3.13117029238385,97.7251846040017,3.13117029238385,0.8416506717850287,9.050270631785404,0.8429,84.28999999999999,0.7857,0.8429,0.8714,0.8714,external_tmscore_matched,,0.81563,0.8429,84.28999999999999
T1185s2,omegafold,,,111.14000265399227,3.5832412982725725,111.14000265399227,3.5832412982725725,0.8557975073519115,19.64583268299773,0.7157,71.57,0.6006,0.6837,0.7668,0.8115,external_tmscore_matched,,0.76972,0.7157,71.57
T1185s4,omegafold,,,58.773062638007104,1.8410884626203532,58.773062638007104,1.8410884626203532,0.8254760584211499,2.333298532305622,0.8451,84.50999999999999,0.6154,0.8376,0.9274,1.0,external_tmscore_matched,,0.91893,0.8451,84.50999999999999
T1194,omegafold,,,28.579152759048156,0.7478052978539591,28.579152759048156,0.7478052978539591,0.8124679322729604,2.078399310629216,0.8537,85.37,0.6646,0.811,0.939,1.0,external_tmscore_matched,,0.91355,0.8537,85.37
T1212,omegafold,,,173.681527252018,5.92222138014741,173.681527252018,5.92222138014741,0.6748916151646527,21.95484724604889,0.4914,49.14,0.2361,0.3541,0.5708,0.8047,external_tmscore_matched,,0.69508,0.4914,49.14
T1227s1,omegafold,,,144.5852174879983,4.90033332509925,144.5852174879983,4.90033332509925,0.7497940691927513,3.1317352141883275,0.6486,64.86,0.2168,0.5306,0.8597,0.9872,external_tmscore_matched,,0.87464,0.6486,64.86
T1266,omegafold,,,83.98645612300606,2.7454144718441205,83.98645612300606,2.7454144718441205,0.6492583015786608,14.333090868656177,0.5663,56.63,0.4866,0.5671,0.5872,0.6242,external_tmscore_matched,,0.63537,0.5663,56.63
T1272s2,omegafold,,,99.29752249794547,3.290570348045841,99.29752249794547,3.290570348045841,0.700458550620392,37.32635733524269,0.4369,43.69,0.1987,0.3502,0.5489,0.6498,external_tmscore_matched,,0.57965,0.4369,43.69
T1272s3,omegafold,,,76.51352045603562,2.494229980700576,76.51352045603562,2.494229980700576,0.7495982322217758,17.06865077165222,0.3053,30.53,0.1336,0.2023,0.3473,0.5382,external_tmscore_matched,,0.44021,0.3053,30.53
T1272s4,omegafold,,,65.14010813098866,2.039933388701425,65.14010813098866,2.039933388701425,0.8689232623543592,12.396719416779623,0.3634,36.34,0.1636,0.3048,0.3941,0.5911,external_tmscore_matched,,0.45923,0.3634,36.34
T1272s5,omegafold,,,67.07173394504935,2.098678401998387,67.07173394504935,2.098678401998387,0.8004596322941647,13.331905864195049,0.3504,35.04,0.1667,0.2917,0.375,0.5682,external_tmscore_matched,,0.45444,0.3504,35.04
T1272s6,omegafold,,,337.09834020998096,11.583102124440728,337.09834020998096,11.583102124440728,0.7826538634321653,25.60836735338567,0.4381,43.81,0.28,0.38,0.495,0.5975,external_tmscore_matched,,0.54223,0.4381,43.81
T1272s7,omegafold,,,45.697644043015316,1.3849643435172567,45.697644043015316,1.3849643435172567,0.5318302387267904,33.405071025557085,0.1966,19.66,0.1103,0.1517,0.2069,0.3172,external_tmscore_matched,,0.27716,0.1966,19.66
T1272s9,omegafold,,,44.479096842056606,1.3301992392306383,44.479096842056606,1.3301992392306383,0.8360021350413664,3.0923355873075136,0.7943,79.43,0.5657,0.7257,0.9086,0.9771,external_tmscore_matched,,0.86962,0.7943,79.43
T1280,omegafold,,,44.513044092047494,1.335650664634784,44.513044092047494,1.335650664634784,0.9525476151717402,0.8175451648423553,0.9615,96.15,0.8675,0.9786,1.0,1.0,external_tmscore_matched,,0.98219,0.9615,96.15
T1299,omegafold,,,28.761822373024188,0.7445809808310383,28.761822373024188,0.7445809808310383,0.946505666486778,0.8256510930009433,0.9628,96.28,0.869,0.9821,1.0,1.0,external_tmscore_matched,,0.97394,0.9628,96.28
T1104,boltz2,482,7.350704907507474,46.936478816205636,0.6020479053030575,528.9364788162056,7.952752812810531,0.9336367083807356,1.3510071242978818,0.963,96.3,0.8957,0.9739,0.9826,1.0,external_tmscore_matched,,0.95554,0.963,96.3
T1106s1,boltz2,495,7.709543275974767,46.138015664881095,0.6158337093754309,541.1380156648811,8.325376985350198,0.8892709766162311,7.7106098852139295,0.6408,64.08,0.4507,0.6056,0.7183,0.7887,external_tmscore_matched,,0.59694,0.6408,64.08
T1106s2,boltz2,514,7.981798740830475,49.75211968901567,0.6627608504073971,563.7521196890157,8.644559591237872,0.9477382520860782,1.5269922538692628,0.8964,89.64,0.6667,0.955,0.964,1.0,external_tmscore_matched,,0.91794,0.8964,89.64
T1112,boltz2,503,8.079588193289556,75.76749050500803,1.6341600340865325,578.767490505008,9.713748227376088,0.878678665870511,3.05764748093387,0.7277,72.77,0.3862,0.6496,0.8839,0.9911,external_tmscore_matched,,0.89928,0.7277,72.77
T1114s1,boltz2,487,7.695032424384155,49.08118329010904,0.7350127054660738,536.081183290109,8.430045129850228,0.7548076923076923,15.35207707060784,0.4661,46.61,0.322,0.4407,0.5085,0.5932,external_tmscore_matched,,0.42088,0.4661,46.61
T1114s2,boltz2,494,7.837557282486434,64.6503083568532,1.275703085391577,558.6503083568532,9.113260367878011,0.9541375028223076,0.7288498047881806,0.9682,96.82,0.8851,0.9876,1.0,1.0,external_tmscore_matched,,0.98833,0.9682,96.82
T1114s3,boltz2,512,8.204328002005301,96.62314748903736,2.2917672712806976,608.6231474890374,10.496095273285999,0.9741092142049848,0.5777500848511247,0.9922,99.22,0.9688,1.0,1.0,1.0,external_tmscore_matched,,0.99487,0.9922,99.22
T1120,boltz2,500,7.878973354006212,49.748899014201015,0.7593601814850572,549.748899014201,8.63833353549127,0.9212289212289212,8.896056211921394,0.5164,51.64,0.4518,0.5132,0.5219,0.5789,external_tmscore_matched,,0.51503,0.5164,51.64
T1122,boltz2,506,8.002479920429582,49.39409193303436,0.7621423744921961,555.3940919330344,8.764622294921779,0.4355769230769231,17.981584014016082,0.1957,19.57,0.0783,0.113,0.1957,0.3957,external_tmscore_matched,,0.32688,0.1957,19.57
T1129s2,boltz2,494,8.014984531996308,109.55718305520713,2.734203323609378,603.5571830552071,10.749187855605687,0.7993923611111111,2.4954489849797383,0.8376,83.76,0.6345,0.8087,0.9129,0.9943,external_tmscore_matched,,0.95284,0.8376,83.76
T1133,boltz2,538,8.533183673811552,102.91829607798718,2.4948976438687183,640.9182960779872,11.02808131768027,0.918556606372234,5.5354040500441295,0.9004,90.03999999999999,0.7237,0.9267,0.9682,0.9829,external_tmscore_matched,,0.9757,0.9004,90.03999999999999
T1134s1,boltz2,509,8.023340187807488,50.159243270987645,0.7811777764638987,559.1592432709876,8.804517964271387,0.9774731087991536,0.9495135305897516,0.95,95.0,0.8174,0.987,0.9957,1.0,external_tmscore_matched,,0.97631,0.95,95.0
T1134s2,boltz2,504,7.90373884173922,59.84650843497366,1.0467411036791998,563.8465084349737,8.95047994541842,0.8361482656993879,6.739548555087671,0.8255,82.55,0.7327,0.8267,0.8564,0.8861,external_tmscore_matched,,0.87352,0.8255,82.55
T1137s1,boltz2,518,8.27252174762291,71.3398060540203,1.4701294992793175,589.3398060540203,9.742651246902227,0.8125118483412322,77.61185086868606,0.2851,28.51,0.2245,0.2526,0.3214,0.3418,external_tmscore_matched,,0.34312,0.2851,28.51
T1137s2,boltz2,525,8.31571688928271,61.52397610596381,1.1740339620856801,586.5239761059638,9.48975085136839,0.8900619692448933,67.01291670621376,0.309,30.9,0.2836,0.3045,0.3164,0.3313,external_tmscore_matched,,0.32333,0.309,30.9
T1137s3,boltz2,531,8.4196141828878,92.69262611703016,2.1435386976446225,623.6926261170302,10.563152880532423,0.8819151575291492,66.51691061728985,0.321,32.1,0.3,0.3129,0.3258,0.3452,external_tmscore_matched,,0.32866,0.321,32.1
T1137s4,boltz2,536,8.530513872267983,96.55067868484184,2.2906271619454435,632.5506786848418,10.821141034213426,0.8245559502664298,67.10821396700283,0.2955,29.55,0.239,0.2857,0.3091,0.3481,external_tmscore_matched,,0.30948,0.2955,29.55
T1137s5,boltz2,532,8.424232570021019,68.59336289390922,1.4450957074199833,600.5933628939092,9.869328277441003,0.8251285092922104,73.24561253526272,0.2933,29.33,0.2486,0.2905,0.3073,0.3268,external_tmscore_matched,,0.31925,0.2933,29.33
T1137s6,boltz2,520,8.311935585470003,91.64385229884647,2.147380740904107,611.6438522988465,10.459316326374111,0.8179264092804059,70.91463386113388,0.2462,24.62,0.2105,0.2406,0.2506,0.2832,external_tmscore_matched,,0.28684,0.2462,24.62
T1137s7,boltz2,760,11.53496087800247,128.8638735790737,3.2786053477796426,888.8638735790737,14.813566225782113,0.8965157249119144,15.267798580976894,0.8771,87.71,0.7157,0.9064,0.9431,0.9431,external_tmscore_matched,,0.9724,0.8771,87.71
T1137s8,boltz2,507,8.015965457640803,53.665063564898446,0.918174285618186,560.6650635648984,8.934139743258989,0.9528071282132156,1.0420459655451804,0.9585,95.85,0.8656,0.9763,0.9921,1.0,external_tmscore_matched,,0.97652,0.9585,95.85
T1137s9,boltz2,505,7.885226931044782,56.38940190919675,0.9843202139306927,561.3894019091967,8.869547144975474,0.942756648113791,1.830831275869081,0.9163,91.63,0.7643,0.9316,0.981,0.9886,external_tmscore_matched,,0.95773,0.9163,91.63
T1145,boltz2,533,8.510541795277907,117.3717666331213,2.8733511608528586,650.3717666331213,11.383892956130765,0.9301339542370932,4.321142572518108,0.7041,70.41,0.4589,0.6108,0.7611,0.9858,external_tmscore_matched,,0.84751,0.7041,70.41
T1147,boltz2,505,7.879150543068087,48.56432339409366,0.6851495005095994,553.5643233940937,8.564300043577687,0.9762391415431784,0.5668854383051244,0.9946,99.46,0.9783,1.0,1.0,1.0,external_tmscore_matched,,0.97718,0.9946,99.46
T1151s2,boltz2,505,7.863449589779959,48.462295087985694,0.6736930390498306,553.4622950879857,8.53714262882979,0.8809153175591532,1.7262305699618548,0.9167,91.67,0.7976,0.9048,0.9643,1.0,external_tmscore_matched,,0.89711,0.9167,91.67
T1155,boltz2,501,7.802945852131387,45.880434153135866,0.6193449847892908,546.8804341531359,8.422290836920677,0.6435525746430116,5.36159375358704,0.5884,58.84,0.2931,0.4655,0.6897,0.9052,external_tmscore_matched,,0.65199,0.5884,58.84
T1157s2,boltz2,574,9.003273729227882,87.78940792614594,1.988149427882471,661.7894079261459,10.991423157110352,0.9167832167832168,13.197040624209125,0.4089,40.89,0.2672,0.2802,0.4332,0.6552,external_tmscore_matched,,0.57613,0.4089,40.89
T1159,boltz2,505,7.89810711090337,46.562390656908974,0.6650490005259941,551.562390656909,8.563156111429365,0.9706575682382134,0.5516912871784311,0.9906,99.06,0.9625,1.0,1.0,1.0,external_tmscore_matched,,0.98712,0.9906,99.06
T1183,boltz2,521,8.131117050689086,49.0147465961054,0.725203734296336,570.0147465961054,8.856320784985423,0.9465060988215837,1.3771980447198928,0.9295,92.95,0.759,0.9744,0.9897,0.9949,external_tmscore_matched,,0.96352,0.9295,92.95
T1185s1,boltz2,534,8.388926013571812,62.04156316583976,1.1736595902850644,596.0415631658398,9.562585603856876,0.8620441458733205,8.576668189896541,0.8464,84.64,0.7857,0.8571,0.8714,0.8714,external_tmscore_matched,,0.81455,0.8464,84.64
T1185s2,boltz2,539,8.50822798175908,66.42937188688666,1.3250508804677126,605.4293718868867,9.833278862226791,0.8228539420249265,8.093640874517687,0.6869,68.69,0.4984,0.6837,0.7508,0.8147,external_tmscore_matched,,0.80733,0.6869,68.69
T1185s4,boltz2,526,8.28631436185731,53.274641077034175,0.8898567761736712,579.2746410770342,9.17617113803098,0.8765021260861526,1.5001602613646363,0.9113,91.13,0.7265,0.9402,0.9786,1.0,external_tmscore_matched,,0.95694,0.9113,91.13
T1194,boltz2,509,7.979746492456259,48.319587638136,0.6955151469290436,557.319587638136,8.675261639385303,0.96158286300667,0.7127647084246476,0.9741,97.41,0.9024,0.9939,1.0,1.0,external_tmscore_matched,,0.98028,0.9741,97.41
T1212,boltz2,531,8.435638057219712,82.4378304509446,1.839674196421335,613.4378304509446,10.275312253641047,0.9143759800756388,1.5935278252699197,0.882,88.2,0.6588,0.9013,0.97,0.9979,external_tmscore_matched,,0.96784,0.882,88.2
T1227s1,boltz2,508,8.139007376423903,72.99680615216494,1.5770277727304751,580.9968061521649,9.716035149154377,0.8999433690280065,1.3825391430842204,0.8514,85.14,0.5179,0.8878,1.0,1.0,external_tmscore_matched,,0.96604,0.8514,85.14
T1266,boltz2,539,8.506983475778876,60.412003610050306,1.1222051036903813,599.4120036100503,9.629188579469258,0.9566208492106696,0.6565018318434314,0.9799,97.99,0.9195,1.0,1.0,1.0,external_tmscore_matched,,0.98954,0.9799,97.99
T1272s2,boltz2,510,8.093888528963328,61.26444626180455,1.1643237692259085,571.2644462618046,9.258212298189237,0.8387430318288078,29.924515717116574,0.6207,62.07,0.4322,0.6562,0.6845,0.7098,external_tmscore_matched,,0.68739,0.6207,62.07
T1272s3,boltz2,502,7.983690470977788,57.12395101087168,1.0231052761604884,559.1239510108717,9.006795747138277,0.6642225793491362,49.50696591612331,0.1689,16.89,0.0878,0.1107,0.1985,0.2786,external_tmscore_matched,,0.22157,0.1689,16.89
T1272s4,boltz2,508,8.003784313647538,54.50375120504759,0.9290907784954348,562.5037512050476,8.932875092142972,0.7603455202892728,37.17283459804119,0.1877,18.77,0.1115,0.1301,0.2007,0.3086,external_tmscore_matched,,0.25116,0.1877,18.77
T1272s5,boltz2,510,8.06280811519442,55.024167448980734,0.9298000338315474,565.0241674489807,8.992608149025967,0.7063349320543565,35.36163545077196,0.1562,15.62,0.1098,0.1174,0.1705,0.2273,external_tmscore_matched,,0.27219,0.1562,15.62
T1272s6,boltz2,554,8.76354056421374,108.93504533194937,2.6970222608481835,662.9350453319494,11.460562825061924,0.8675033692722371,23.64336984674482,0.5306,53.06,0.4475,0.5225,0.56,0.5925,external_tmscore_matched,,0.57001,0.5306,53.06
T1272s7,boltz2,512,8.041406234300116,50.20837773382664,0.7777118692369542,562.2083777338266,8.81911810353707,0.7601127320954907,48.3807010581959,0.4017,40.17,0.2483,0.4138,0.4621,0.4828,external_tmscore_matched,,0.43923,0.4017,40.17
T1272s9,boltz2,507,7.999213748677339,49.479970284039155,0.7518592448678866,556.4799702840392,8.751072993545225,0.8157192420603149,2.5659461457690886,0.8129,81.28999999999999,0.48,0.8571,0.9314,0.9829,external_tmscore_matched,,0.89939,0.8129,81.28999999999999
T1280,boltz2,536,8.39781342980597,52.8254016218707,0.8459002763003131,588.8254016218707,9.243713706106282,0.952425524987791,0.9487158713640474,0.9583,95.83,0.8632,0.9744,0.9957,1.0,external_tmscore_matched,,0.98048,0.9583,95.83
T1299,boltz2,498,7.888950611772016,52.047417915193364,0.7319716541690364,550.0474179151934,8.620922265941052,0.9127765785213168,1.310149587553546,0.8631,86.31,0.5357,0.9167,1.0,1.0,external_tmscore_matched,,0.93511,0.8631,86.31
T1104,chai1,,,98.76689138286747,2.2112868820297926,98.76689138286747,2.2112868820297926,0.5808684110731892,6.23358543665704,0.5239,52.39,0.2522,0.3565,0.6,0.887,external_tmscore_matched,,0.60097,0.5239,52.39
T1106s1,chai1,,,96.56573462905362,2.1471990228547657,96.56573462905362,2.1471990228547657,0.7816368638239339,12.075969678328407,0.4894,48.94,0.3099,0.4648,0.5211,0.662,external_tmscore_matched,,0.47252,0.4894,48.94
T1106s2,chai1,,,93.5178604319226,2.082680705487039,93.5178604319226,2.082680705487039,0.9553140096618358,1.5264879703436705,0.9527,95.27,0.8739,0.964,0.973,1.0,external_tmscore_matched,,0.94477,0.9527,95.27
T1112,chai1,,,184.45849357708357,4.673066697879883,184.45849357708357,4.673066697879883,0.8612130000853023,3.297001202583484,0.6786,67.86,0.3728,0.4888,0.8705,0.9821,external_tmscore_matched,,0.88253,0.6786,67.86
T1114s1,chai1,,,92.46629333100282,2.0714796111141585,92.46629333100282,2.0714796111141585,0.7620192307692308,17.049115302565447,0.572,57.2,0.322,0.4746,0.6441,0.8475,external_tmscore_matched,,0.5416,0.572,57.2
T1114s2,chai1,,,135.2733500348404,3.2532180146184113,135.2733500348404,3.2532180146184113,0.721494694061865,12.288959486272976,0.6661,66.61,0.4379,0.6398,0.7733,0.8137,external_tmscore_matched,,0.78237,0.6661,66.61
T1114s3,chai1,,,318.835719976807,8.590378286769932,318.835719976807,8.590378286769932,0.8894027719945273,2.462225469003576,0.9307,93.07,0.8535,0.9316,0.957,0.9805,external_tmscore_matched,,0.9647,0.9307,93.07
T1120,chai1,,,94.80050965608098,2.1091984584584957,94.80050965608098,2.1091984584584957,0.8504273504273505,7.739010607698646,0.5,50.0,0.3377,0.4474,0.5132,0.7018,external_tmscore_matched,,0.54254,0.5,50.0
T1122,chai1,,,93.38199112820439,2.088625390659232,93.38199112820439,2.088625390659232,0.5144796380090497,17.2597314219325,0.3413,34.13,0.1478,0.2652,0.4087,0.5435,external_tmscore_matched,,0.47057,0.3413,34.13
T1129s2,chai1,,,322.73573123198,8.681682348504534,322.73573123198,8.681682348504534,0.1724826388888888,25.034783454576395,0.0687,6.87,0.0265,0.0303,0.053,0.1648,external_tmscore_matched,,0.30886,0.0687,6.87
T1133,chai1,,,320.56700068106875,8.624155967720748,320.56700068106875,8.624155967720748,0.920278211367184,4.740390169974348,0.9358,93.58,0.8411,0.9389,0.9804,0.9829,external_tmscore_matched,,0.98342,0.9358,93.58
T1134s1,chai1,,,95.31170105701312,2.121430375201061,95.31170105701312,2.121430375201061,0.9139481572914828,1.187186940668504,0.8978,89.78,0.6522,0.9391,1.0,1.0,external_tmscore_matched,,0.96151,0.8978,89.78
T1134s2,chai1,,,134.81641961680725,3.2492944684309286,134.81641961680725,3.2492944684309286,0.8277034686012242,6.600427524928647,0.8106,81.06,0.6931,0.8218,0.8416,0.8861,external_tmscore_matched,,0.86541,0.8106,81.06
T1137s1,chai1,,,182.26331395399757,4.689922824294327,182.26331395399757,4.689922824294327,0.7969194312796207,77.74929330136935,0.3361,33.61,0.2219,0.2755,0.3622,0.4847,external_tmscore_matched,,0.39811,0.3361,33.61
T1137s2,chai1,,,133.52458343305625,3.2795192878827026,133.52458343305625,3.2795192878827026,0.8661349552444343,66.70470928948515,0.3261,32.61,0.2687,0.2955,0.3343,0.406,external_tmscore_matched,,0.37231,0.3261,32.61
T1137s3,chai1,,,318.89300979301333,8.675762585728064,318.89300979301333,8.675762585728064,0.8737906226742744,55.170313338291855,0.3597,35.97,0.2839,0.3097,0.3903,0.4548,external_tmscore_matched,,0.40559,0.3597,35.97
T1137s4,chai1,,,318.145848140819,8.686551722596267,318.145848140819,8.686551722596267,0.7297513321492007,74.71677656723017,0.3299,32.99,0.239,0.2571,0.3714,0.4519,external_tmscore_matched,,0.37951,0.3299,32.99
T1137s5,chai1,,,180.6703331929166,4.672214723905759,180.6703331929166,4.672214723905759,0.8287366548042704,74.02433523543397,0.3268,32.68,0.2514,0.3017,0.3464,0.4078,external_tmscore_matched,,0.34493,0.3268,32.68
T1137s6,chai1,,,317.66326285502873,8.689640492429353,317.66326285502873,8.689640492429353,0.7984864962842124,69.15628118917608,0.3195,31.95,0.2206,0.2857,0.3509,0.4211,external_tmscore_matched,,0.36369,0.3195,31.95
T1137s7,chai1,,,317.84216051292606,8.698488480890827,317.84216051292606,8.698488480890827,0.8295054156335638,15.832101417445264,0.811,81.10000000000001,0.5953,0.8562,0.8863,0.9064,external_tmscore_matched,,0.92494,0.811,81.10000000000001
T1137s8,chai1,,,131.16116998600774,3.227775145463316,131.16116998600774,3.227775145463316,0.8921305787730642,1.8218037553255837,0.8874,88.74,0.7233,0.8538,0.9802,0.9921,external_tmscore_matched,,0.94341,0.8874,88.74
T1137s9,chai1,,,132.0899879038334,3.2250645270212543,132.0899879038334,3.2250645270212543,0.8631725417439703,2.071757329413054,0.8146,81.46,0.5095,0.7947,0.9582,0.9962,external_tmscore_matched,,0.91881,0.8146,81.46
T1145,chai1,,,318.37244356493466,8.706887727446015,318.37244356493466,8.706887727446015,0.6117770495573186,25.059859467871878,0.2967,29.67,0.1978,0.2532,0.3259,0.4098,external_tmscore_matched,,0.42397,0.2967,29.67
T1147,chai1,,,91.72264749300666,2.0745942498451457,91.72264749300666,2.0745942498451457,0.9211803781297904,1.1501027606943466,0.9457,94.57,0.8587,0.9348,0.9891,1.0,external_tmscore_matched,,0.93804,0.9457,94.57
T1151s2,chai1,,,92.60908020893112,2.088203283017131,92.60908020893112,2.088203283017131,0.8156911581569116,2.2777160861805044,0.8601,86.00999999999999,0.6786,0.8452,0.9167,1.0,external_tmscore_matched,,0.84757,0.8601,86.00999999999999
T1155,chai1,,,92.52524624904618,2.087400023793951,92.52524624904618,2.087400023793951,0.5922760709649503,7.710500584132024,0.5409,54.09,0.2931,0.4655,0.6034,0.8017,external_tmscore_matched,,0.60213,0.5409,54.09
T1157s2,chai1,,,183.45466177910566,4.736910944318232,183.45466177910566,4.736910944318232,0.8955244755244756,15.903932496883565,0.368,36.8,0.2651,0.2802,0.3879,0.5388,external_tmscore_matched,,0.47441,0.368,36.8
T1159,chai1,,,92.79576896410435,2.0951060986545733,92.79576896410435,2.0951060986545733,0.6700372208436725,5.340733116105797,0.6188,61.88,0.3438,0.4813,0.7125,0.9375,external_tmscore_matched,,0.74993,0.6188,61.88
T1183,chai1,,,92.73854609508999,2.1051097556128644,92.73854609508999,2.1051097556128644,0.9400971676659086,1.2809389548517436,0.9641,96.41,0.8923,0.9744,0.9897,1.0,external_tmscore_matched,,0.9707,0.9641,96.41
T1185s1,chai1,,,132.98656551889144,3.2643226885440866,132.98656551889144,3.2643226885440866,0.8529270633397312,8.889219749272867,0.8357,83.57,0.7714,0.8286,0.8714,0.8714,external_tmscore_matched,,0.80349,0.8357,83.57
T1185s2,chai1,,,132.1579867771361,3.2424160230808616,132.1579867771361,3.2424160230808616,0.8304509172384821,9.76558999811226,0.7005,70.05,0.5112,0.7093,0.7604,0.8211,external_tmscore_matched,,0.78134,0.7005,70.05
T1185s4,chai1,,,132.77785137109458,3.249754201537815,132.77785137109458,3.249754201537815,0.8472453318543168,2.366048721421423,0.875,87.5,0.6923,0.8675,0.9402,1.0,external_tmscore_matched,,0.92677,0.875,87.5
T1194,chai1,,,92.57980610383675,2.098956208622172,92.57980610383675,2.098956208622172,0.866149307337096,1.9919601042791892,0.8171,81.71000000000001,0.5061,0.8049,0.9573,1.0,external_tmscore_matched,,0.90116,0.8171,81.71000000000001
T1212,chai1,,,182.7120300841052,4.7241494563699495,182.7120300841052,4.7241494563699495,0.7465178489069274,26.86087052597252,0.6046,60.46,0.294,0.4828,0.7897,0.8519,external_tmscore_matched,,0.77205,0.6046,60.46
T1227s1,chai1,,,182.17691970220767,4.701692500100821,182.17691970220767,4.701692500100821,0.8850648682042834,2.025478707166352,0.7915,79.14999999999999,0.3903,0.8036,0.9745,0.9974,external_tmscore_matched,,0.94353,0.7915,79.14999999999999
T1266,chai1,,,131.01519828801975,3.2136323287403625,131.01519828801975,3.2136323287403625,0.7176102340772998,10.290912786964908,0.677,67.7,0.4866,0.6409,0.7148,0.8658,external_tmscore_matched,,0.80811,0.677,67.7
T1272s2,chai1,,,132.80203829682432,3.2596894963284355,132.80203829682432,3.2596894963284355,0.8449919079302284,39.7806457203833,0.623,62.3,0.4196,0.6467,0.6972,0.7287,external_tmscore_matched,,0.69569,0.623,62.3
T1272s3,chai1,,,131.71566637814976,3.238568507863148,131.71566637814976,3.238568507863148,0.7913820811570911,13.31583789436352,0.2777,27.77,0.145,0.1947,0.2672,0.5038,external_tmscore_matched,,0.4966,0.2777,27.77
T1272s4,chai1,,,132.55595102603547,3.258309249495111,132.55595102603547,3.258309249495111,0.8518481317798313,14.053284925857422,0.3587,35.870000000000005,0.1636,0.3086,0.3978,0.5651,external_tmscore_matched,,0.44718,0.3587,35.870000000000005
T1272s5,chai1,,,132.43494756007567,3.2580849642782184,132.43494756007567,3.2580849642782184,0.8482214228617106,9.827147256074856,0.4205,42.05,0.197,0.322,0.428,0.7348,external_tmscore_matched,,0.52329,0.4205,42.05
T1272s6,chai1,,,319.11735728080384,8.689356996251863,319.11735728080384,8.689356996251863,0.8082322551662173,27.518275712986156,0.4888,48.88,0.3675,0.4575,0.54,0.59,external_tmscore_matched,,0.55432,0.4888,48.88
T1272s7,chai1,,,92.63623574003577,2.0986998132129906,92.63623574003577,2.0986998132129906,0.6281498673740054,22.904221527114995,0.2897,28.97,0.1103,0.2207,0.3586,0.469,external_tmscore_matched,,0.34822,0.2897,28.97
T1272s9,chai1,,,92.48955408483744,2.103461473185794,92.48955408483744,2.103461473185794,0.8273952495329596,3.4484634036733954,0.77,77.0,0.4629,0.7486,0.9029,0.9657,external_tmscore_matched,,0.86076,0.77,77.0
T1280,chai1,,,93.16811267309822,2.095522027509578,93.16811267309822,2.095522027509578,0.9600765098486082,0.8149952304309621,0.9754,97.54,0.9188,0.9829,1.0,1.0,external_tmscore_matched,,0.98564,0.9754,97.54
T1299,chai1,,,92.20374817796983,2.0894668016525357,92.20374817796983,2.0894668016525357,0.9512277388019428,0.9813755536296596,0.9702,97.02,0.9107,0.9702,1.0,1.0,external_tmscore_matched,,0.96889,0.9702,97.02
T1104,colabfold,482,7.350704907507474,108,2.3426301513917873,590.0,9.693335058899262,0.8793136139552522,1.553618708725804,0.9087,90.87,0.687,0.9652,0.9826,1.0,external_tmscore_matched,,0.92621,0.9087,90.87
T1106s1,colabfold,495,7.709543275974767,118,2.5189355044388355,613.0,10.228478780413603,0.8775790921595599,4.8391121317190775,0.6937,69.37,0.4085,0.6479,0.8169,0.9014,external_tmscore_matched,,0.65232,0.6937,69.37
T1106s2,colabfold,514,7.981798740830475,121,2.5854669643250094,635.0,10.567265705155485,0.9454325867369344,1.5130317142816758,0.9279,92.79,0.8018,0.9279,0.982,1.0,external_tmscore_matched,,0.92752,0.9279,92.79
T1112,colabfold,503,8.079588193289556,146,3.50009811661628,649.0,11.579686309905837,0.8873155335664932,3.3808568333801974,0.7718,77.18,0.5335,0.7232,0.8527,0.9777,external_tmscore_matched,,0.89162,0.7718,77.18
T1114s1,colabfold,487,7.695032424384155,135,2.9054417814218834,622.0,10.600474205806037,0.8596153846153847,11.820000953283367,0.6822,68.22,0.4237,0.5593,0.8644,0.8814,external_tmscore_matched,,0.65031,0.6822,68.22
T1114s2,colabfold,494,7.837557282486434,155,3.5464700243908123,649.0,11.384027306877247,0.9124520207721832,1.1965832233984812,0.9208,92.08,0.7484,0.9441,0.9907,1.0,external_tmscore_matched,,0.97312,0.9208,92.08
T1114s3,colabfold,512,8.204328002005301,186,4.51268040340671,698.0,12.717008405412011,0.9351317589673428,0.9038321019691754,0.9614,96.14,0.8535,0.9941,0.998,1.0,external_tmscore_matched,,0.98888,0.9614,96.14
T1120,colabfold,500,7.878973354006212,150,3.053105543052215,650.0,10.932078897058428,0.8833448833448834,8.462119567584027,0.4836,48.36,0.3202,0.443,0.5219,0.6491,external_tmscore_matched,,0.50339,0.4836,48.36
T1122,colabfold,506,8.002479920429582,116,2.5136604346066322,622.0,10.516140355036214,0.4571266968325792,19.431157305499127,0.2533,25.33,0.1391,0.1652,0.2913,0.4174,external_tmscore_matched,,0.38967,0.2533,25.33
T1129s2,colabfold,494,8.014984531996308,139,3.414433603040271,633.0,11.42941813503658,0.7001736111111111,3.640134743107573,0.7268,72.68,0.4261,0.6837,0.8409,0.9564,external_tmscore_matched,,0.90897,0.7268,72.68
T1133,colabfold,538,8.533183673811552,187,4.6295204142323465,725.0,13.162704088043899,0.915733174180516,6.438561225885851,0.9303,93.03,0.8264,0.9364,0.9756,0.9829,external_tmscore_matched,,0.97994,0.9303,93.03
T1134s1,colabfold,509,8.023340187807488,140,3.0064470688431975,649.0,11.029787256650685,0.9398254276141772,0.9403603709204508,0.9489,94.89,0.8174,0.9783,1.0,1.0,external_tmscore_matched,,0.97581,0.9489,94.89
T1134s2,colabfold,504,7.90373884173922,150,3.3464327258712996,654.0,11.25017156761052,0.8317841759238269,6.551886444126927,0.8255,82.55,0.7277,0.8218,0.8564,0.896,external_tmscore_matched,,0.87164,0.8255,82.55
T1137s1,colabfold,518,8.27252174762291,160,3.702752209320036,678.0,11.975273956942946,0.8939336492890995,65.47768671811929,0.3316,33.160000000000004,0.227,0.3214,0.3724,0.4056,external_tmscore_matched,,0.37231,0.3316,33.160000000000004
T1137s2,colabfold,525,8.31571688928271,157,3.5683184489684794,682.0,11.88403533825119,0.9307436309387194,39.9308881696988,0.3903,39.03,0.2925,0.3791,0.4388,0.4507,external_tmscore_matched,,0.42904,0.3903,39.03
T1137s3,colabfold,531,8.4196141828878,159,3.9761153011153825,690.0,12.395729484003184,0.9010171173406104,53.012929366198655,0.3887,38.87,0.3,0.3226,0.4097,0.5226,external_tmscore_matched,,0.42969,0.3887,38.87
T1137s4,colabfold,536,8.530513872267983,190,4.601320375565104,726.0,13.131834247833087,0.855683836589698,62.931635414566216,0.3162,31.62,0.2442,0.2753,0.3247,0.4208,external_tmscore_matched,,0.35802,0.3162,31.62
T1137s5,colabfold,532,8.424232570021019,164,3.7341400539146763,696.0,12.158372623935694,0.9137010676156584,26.979432776687148,0.3973,39.73,0.3045,0.3575,0.4106,0.5168,external_tmscore_matched,,0.44101,0.3973,39.73
T1137s6,colabfold,520,8.311935585470003,183,4.425356085308678,703.0,12.737291670778681,0.9005347108936016,25.571310230712797,0.3402,34.02,0.2281,0.3008,0.4035,0.4286,external_tmscore_matched,,0.3904,0.3402,34.02
T1137s7,colabfold,760,11.53496087800247,209,5.250699198755785,969.0,16.785660076758255,0.8810518073861412,13.980978169686916,0.862,86.2,0.6656,0.8963,0.9431,0.9431,external_tmscore_matched,,0.96483,0.862,86.2
T1137s8,colabfold,507,8.015965457640803,147,3.2238783732960616,654.0,11.239843830936865,0.9339615202649424,1.2410568288545372,0.9259,92.59,0.7668,0.9486,0.9881,1.0,external_tmscore_matched,,0.96589,0.9259,92.59
T1137s9,colabfold,505,7.885226931044782,153,3.404938830894478,658.0,11.29016576193926,0.9351808905380334,1.5700057607503577,0.885,88.5,0.6426,0.9202,0.9772,1.0,external_tmscore_matched,,0.95026,0.885,88.5
T1145,colabfold,533,8.510541795277907,201,4.867089467484843,734.0,13.377631262762751,0.9117655513395424,4.428779633410169,0.7203,72.03,0.4715,0.6503,0.7816,0.9778,external_tmscore_matched,,0.85286,0.7203,72.03
T1147,colabfold,505,7.879150543068087,134,2.806951364713466,639.0,10.686101907781552,0.959887583035258,0.5576744004700349,0.9864,98.64,0.9457,1.0,1.0,1.0,external_tmscore_matched,,0.97614,0.9864,98.64
T1151s2,colabfold,505,7.863449589779959,111,2.483092122495598,616.0,10.346541712275558,0.8904109589041096,1.6370997241305338,0.9107,91.07,0.7262,0.9405,0.9762,1.0,external_tmscore_matched,,0.90415,0.9107,91.07
T1155,colabfold,501,7.802945852131387,99,2.240173142003562,600.0,10.04311899413495,0.5967113803548247,7.3348918645829375,0.5668,56.68,0.2931,0.4569,0.6552,0.8621,external_tmscore_matched,,0.62279,0.5668,56.68
T1157s2,colabfold,574,9.003273729227882,189,4.434176355231396,763.0,13.437450084459279,0.9006993006993007,8.195218928944744,0.5151,51.51,0.2737,0.3233,0.6832,0.7802,external_tmscore_matched,,0.70176,0.5151,51.51
T1159,colabfold,505,7.89810711090337,109,2.4091224154194446,614.0,10.307229526322814,0.9600496277915632,0.6911432697608826,0.9719,97.19,0.8875,1.0,1.0,1.0,external_tmscore_matched,,0.97985,0.9719,97.19
T1183,colabfold,521,8.131117050689086,124,2.7413335396281697,645.0,10.872450590317257,0.9604093446351044,0.6415415393293812,0.9808,98.08,0.9231,1.0,1.0,1.0,external_tmscore_matched,,0.98568,0.9808,98.08
T1185s1,colabfold,534,8.388926013571812,155,3.501012505399682,689.0,11.889938518971494,0.8642034548944337,8.55703240076227,0.8571,85.71,0.8143,0.8714,0.8714,0.8714,external_tmscore_matched,,0.8677,0.8571,85.71
T1185s2,colabfold,539,8.50822798175908,135,3.2198822219573042,674.0,11.728110203716383,0.8553423890211455,4.984910472263214,0.7468,74.68,0.607,0.7093,0.7764,0.8946,external_tmscore_matched,,0.84782,0.7468,74.68
T1185s4,colabfold,526,8.28631436185731,132,2.938864118062616,658.0,11.225178479919926,0.8731281198003328,1.3745125229022013,0.9284,92.84,0.7863,0.9444,0.9829,1.0,external_tmscore_matched,,0.9631,0.9284,92.84
T1194,colabfold,509,7.979746492456259,101,2.2470196006613357,610.0,10.226766093117595,0.9597229348383788,0.7069294856873194,0.9771,97.71,0.9207,0.9878,1.0,1.0,external_tmscore_matched,,0.98361,0.9771,97.71
T1212,colabfold,531,8.435638057219712,174,4.039650061164599,705.0,12.475288118384311,0.9197491006364726,1.76672307152841,0.816,81.6,0.485,0.8026,0.9764,1.0,external_tmscore_matched,,0.95575,0.816,81.6
T1227s1,colabfold,508,8.139007376423903,172,3.967237040327189,680.0,12.106244416751093,0.9104715815485996,1.1145552665799312,0.9203,92.03,0.7347,0.9515,0.9949,1.0,external_tmscore_matched,,0.97816,0.9203,92.03
T1266,colabfold,539,8.506983475778876,128,3.0082222714673645,667.0,11.51520574724624,0.9366494284158956,1.1775240411648,0.8935,89.35,0.6007,0.9732,1.0,1.0,external_tmscore_matched,,0.96764,0.8935,89.35
T1272s2,colabfold,510,8.093888528963328,161,3.5175814005135506,671.0,11.611469929476879,0.8712911346880058,40.535237141342975,0.6585,65.85,0.5237,0.6688,0.7098,0.7319,external_tmscore_matched,,0.70801,0.6585,65.85
T1272s3,colabfold,502,7.983690470977788,148,3.2629772849248497,650.0,11.246667755902637,0.8090598633989554,10.955357218419442,0.2576,25.76,0.1298,0.1718,0.2557,0.4733,external_tmscore_matched,,0.47826,0.2576,25.76
T1272s4,colabfold,508,8.003784313647538,151,3.2966140869473843,659.0,11.300398400594922,0.8394937725994375,12.880651671634403,0.2844,28.44,0.1375,0.2305,0.316,0.4535,external_tmscore_matched,,0.47669,0.2844,28.44
T1272s5,colabfold,510,8.06280811519442,159,3.4002609992297614,669.0,11.463069114424181,0.8431254996003197,11.727927183193964,0.2964,29.64,0.1098,0.2311,0.3485,0.4962,external_tmscore_matched,,0.46873,0.2964,29.64
T1272s6,colabfold,554,8.76354056421374,166,4.2380630387505445,720.0,13.001603602964284,0.8695249326145553,20.132599900935134,0.5413,54.13,0.48,0.53,0.5575,0.5975,external_tmscore_matched,,0.5932,0.5413,54.13
T1272s7,colabfold,512,8.041406234300116,148,3.145591398876068,660.0,11.186997633176183,0.7531498673740054,34.25162117229652,0.3828,38.28,0.1862,0.4,0.4621,0.4828,external_tmscore_matched,,0.50708,0.3828,38.28
T1272s9,colabfold,507,7.999213748677339,142,3.0303045988074677,649.0,11.029518347484807,0.8606885508406725,1.9671213369862648,0.8829,88.29,0.6571,0.9086,0.9714,0.9943,external_tmscore_matched,,0.93367,0.8829,88.29
T1280,colabfold,536,8.39781342980597,155,3.4684149425053503,691.0,11.866228372311319,0.9444489663031091,0.882887563217993,0.953,95.3,0.8248,0.9872,1.0,1.0,external_tmscore_matched,,0.98141,0.953,95.3
T1299,colabfold,498,7.888950611772016,120,2.658188264019689,618.0,10.547138875791704,0.9499460334592552,0.8880505396446322,0.9598,95.98,0.8571,0.9821,1.0,1.0,external_tmscore_matched,,0.97081,0.9598,95.98
T1104,openfold,482,7.350704907507474,21.60893233004026,0.5280962018869954,503.60893233004026,7.87880110939447,0.8754266211604095,1.5462186901350312,0.9043,90.43,0.6696,0.9652,0.9826,1.0,external_tmscore_matched,,0.92349,0.9043,90.43
T1106s1,openfold,495,7.709543275974767,22.094265829073265,0.5383500283112366,517.0942658290733,8.247893304286004,0.8727647867950481,4.282800148122958,0.7183,71.83,0.4225,0.662,0.8169,0.9718,external_tmscore_matched,,0.68409,0.7183,71.83
T1106s2,openfold,514,7.981798740830475,21.284495083033107,0.5117260826772384,535.2844950830331,8.493524823507713,0.9459815546772068,1.4994722212234837,0.9234,92.34,0.7928,0.9279,0.973,1.0,external_tmscore_matched,,0.92805,0.9234,92.34
T1112,openfold,503,8.079588193289556,107.662547823973,3.4686607179962636,610.662547823973,11.54824891128582,0.8873155335664933,3.196555905446161,0.7723,77.23,0.5089,0.7121,0.8817,0.9866,external_tmscore_matched,,0.89794,0.7723,77.23
T1114s1,openfold,487,7.695032424384155,29.728811800014228,0.8213217805030413,516.7288118000142,8.516354204887197,0.8668269230769231,12.727596903719968,0.7373,73.72999999999999,0.4915,0.6949,0.8814,0.8814,external_tmscore_matched,,0.77226,0.7373,73.72999999999999
T1114s2,openfold,494,7.837557282486434,68.68437684606761,2.145932829727979,562.6843768460676,9.983490112214412,0.9101095055317228,1.1968848169832678,0.9169,91.69,0.7236,0.9503,0.9938,1.0,external_tmscore_matched,,0.97195,0.9169,91.69
T1114s3,openfold,512,8.204328002005301,153.40515888901427,5.02284993040964,665.4051588890143,13.227177932414941,0.9375408958420082,0.8949613398318922,0.9648,96.48,0.8711,0.9922,0.9961,1.0,external_tmscore_matched,,0.98919,0.9648,96.48
T1120,openfold,500,7.878973354006212,36.50368096900638,1.0785153556715807,536.5036809690064,8.957488709677794,0.8864056364056364,8.262257954278796,0.477,47.7,0.2982,0.4474,0.5219,0.6404,external_tmscore_matched,,0.51149,0.477,47.7
T1122,openfold,506,8.002479920429582,37.03344028501306,1.0740009968931925,543.0334402850131,9.076480917322774,0.400339366515837,20.76635287778571,0.2283,22.83,0.1087,0.1435,0.2217,0.4391,external_tmscore_matched,,0.37924,0.2283,22.83
T1129s2,openfold,494,8.014984531996308,199.16876450297423,6.648973329876792,693.1687645029742,14.6639578618731,0.6904224537037037,4.4587539572351895,0.6932,69.32000000000001,0.4148,0.6042,0.8068,0.947,external_tmscore_matched,,0.87691,0.6932,69.32000000000001
T1133,openfold,538,8.533183673811552,178.8030864209868,5.918944301159604,716.8030864209868,14.452127974971155,0.915962721513176,7.414814200342612,0.9254,92.54,0.8117,0.9364,0.9707,0.9829,external_tmscore_matched,,0.97933,0.9254,92.54
T1134s1,openfold,509,8.023340187807488,36.02156300202478,1.0463411362241946,545.0215630020248,9.069681324031682,0.9389437488979016,0.9520511983747214,0.9511,95.11,0.8217,0.9826,1.0,1.0,external_tmscore_matched,,0.97541,0.9511,95.11
T1134s2,openfold,504,7.90373884173922,52.28389416995924,1.6242669162963381,556.2838941699592,9.528005758035558,0.8328043527544774,6.568416096245846,0.8267,82.67,0.7376,0.8267,0.8515,0.8911,external_tmscore_matched,,0.87158,0.8267,82.67
T1137s1,openfold,518,8.27252174762291,83.06427833798807,2.6697041330542683,601.0642783379881,10.942225880677178,0.9001421800947866,67.63584035743771,0.3227,32.27,0.2372,0.2883,0.3597,0.4056,external_tmscore_matched,,0.3517,0.3227,32.27
T1137s2,openfold,525,8.31571688928271,60.32902003603522,1.9009334729616065,585.3290200360352,10.216650362244316,0.9382602708285518,38.58209555347168,0.3903,39.03,0.3015,0.3791,0.4328,0.4478,external_tmscore_matched,,0.43276,0.3903,39.03
T1137s3,openfold,531,8.4196141828878,140.01696676795837,4.556361377425971,671.0169667679584,12.97597556031377,0.8964276854378567,52.11555922669392,0.3718,37.18,0.3,0.3194,0.3645,0.5032,external_tmscore_matched,,0.41668,0.3718,37.18
T1137s4,openfold,536,8.530513872267983,158.54541605897248,5.192423042474001,694.5454160589725,13.722936914741984,0.8552397868561279,63.8793444060247,0.3,30.0,0.239,0.2779,0.3091,0.374,external_tmscore_matched,,0.32707,0.3,30.0
T1137s5,openfold,532,8.424232570021019,76.25561450305395,2.437549080330693,608.255614503054,10.861781650351713,0.922844998022934,25.312798236153935,0.3987,39.87,0.2933,0.3659,0.4078,0.5279,external_tmscore_matched,,0.45113,0.3987,39.87
T1137s6,openfold,520,8.311935585470003,143.63867692404892,4.666389759843515,663.6386769240489,12.978325345313518,0.9022113467464202,19.84716331664225,0.3377,33.77,0.2206,0.3033,0.401,0.4261,external_tmscore_matched,,0.39697,0.3377,33.77
T1137s7,openfold,760,11.53496087800247,227.60086934501305,7.5361304142334395,987.600869345013,19.07109129223591,0.8754078037322197,14.08515386782293,0.8595,85.95,0.6622,0.8896,0.9431,0.9431,external_tmscore_matched,,0.96214,0.8595,85.95
T1137s8,openfold,507,8.015965457640803,45.068249201984145,1.3375096913916238,552.0682492019841,9.353475149032427,0.9368790411607002,1.1309043431917876,0.9358,93.58,0.7945,0.9526,0.996,1.0,external_tmscore_matched,,0.97168,0.9358,93.58
T1137s9,openfold,505,7.885226931044782,48.525389201939106,1.4787427647667282,553.5253892019391,9.36396969581151,0.9351422387136672,1.6289943498823003,0.8897,88.97,0.6616,0.924,0.9734,1.0,external_tmscore_matched,,0.9485,0.8897,88.97
T1145,openfold,533,8.510541795277907,207.54579043004196,6.904632315109299,740.545790430042,15.415174110387206,0.9198143037829136,4.043748100644423,0.7294,72.94,0.4699,0.6614,0.7991,0.9873,external_tmscore_matched,,0.86834,0.7294,72.94
T1147,openfold,505,7.879150543068087,20.731632345938124,0.48194756370623737,525.7316323459381,8.361098106774325,0.9580991313234544,0.5698741604050759,0.9864,98.64,0.9457,1.0,1.0,1.0,external_tmscore_matched,,0.97505,0.9864,98.64
T1151s2,openfold,505,7.863449589779959,21.85504334094003,0.5176546614479574,526.85504334094,8.381104251227917,0.8866749688667497,1.6805297163867254,0.9137,91.37,0.7381,0.9286,0.9881,1.0,external_tmscore_matched,,0.89216,0.9137,91.37
T1155,openfold,501,7.802945852131387,21.314069045940414,0.5175263210178597,522.3140690459404,8.320472173149247,0.6118563392470793,7.4216061204606705,0.5862,58.620000000000005,0.3103,0.4741,0.6897,0.8707,external_tmscore_matched,,0.62886,0.5862,58.620000000000005
T1157s2,openfold,574,9.003273729227882,133.74214214808308,4.293601076026703,707.7421421480831,13.296874805254586,0.9056643356643356,9.014849320454974,0.5081,50.81,0.2672,0.3276,0.6659,0.7716,external_tmscore_matched,,0.70291,0.5081,50.81
T1159,openfold,505,7.89810711090337,26.031810884014703,0.6844735678911402,531.0318108840147,8.58258067879451,0.9612282878411912,0.6823981829252173,0.9703,97.03,0.8875,0.9938,1.0,1.0,external_tmscore_matched,,0.98038,0.9703,97.03
T1183,openfold,521,8.131117050689086,31.415731474990025,0.8900068555787786,552.41573147499,9.021123906267865,0.9503824684721937,0.7788609550986753,0.9692,96.92,0.8923,0.9846,1.0,1.0,external_tmscore_matched,,0.98044,0.9692,96.92
T1185s1,openfold,534,8.388926013571812,61.811412112088874,1.9364726808626176,595.8114121120889,10.32539869443443,0.8646833013435701,8.484627245199295,0.85,85.0,0.7857,0.8714,0.8714,0.8714,external_tmscore_matched,,0.84261,0.85,85.0
T1185s2,openfold,539,8.50822798175908,67.7366032799473,2.155823559289068,606.7366032799473,10.664051541048147,0.8524366335247163,5.077379779286955,0.7444,74.44,0.5974,0.7125,0.7891,0.8786,external_tmscore_matched,,0.85514,0.7444,74.44
T1185s4,openfold,526,8.28631436185731,44.10064094502013,1.348936254774976,570.1006409450201,9.635250616632286,0.8757163985949343,1.502157245425123,0.9263,92.63,0.7778,0.9487,0.9786,1.0,external_tmscore_matched,,0.96134,0.9263,92.63
T1194,openfold,509,7.979746492456259,26.70528843603097,0.7035983280281953,535.705288436031,8.683344820484455,0.9647255002565418,0.7028920624600894,0.9787,97.87,0.9268,0.9878,1.0,1.0,external_tmscore_matched,,0.98515,0.9787,97.87
T1212,openfold,531,8.435638057219712,113.8536024360219,3.647040522747995,644.8536024360219,12.082678579967707,0.9307490083940596,1.591829578490522,0.8492,84.92,0.5429,0.8691,0.985,1.0,external_tmscore_matched,,0.96455,0.8492,84.92
T1227s1,openfold,508,8.139007376423903,91.63347373600118,2.9732537895905957,599.6334737360012,11.112261166014498,0.9098795304777596,1.1562115676979252,0.9177,91.77,0.7347,0.9439,0.9923,1.0,external_tmscore_matched,,0.97662,0.9177,91.77
T1266,openfold,539,8.506983475778876,56.646590612013824,1.786067381578376,595.6465906120138,10.293050857357251,0.9423312465977136,1.1161454078233055,0.9052,90.52,0.6477,0.9732,1.0,1.0,external_tmscore_matched,,0.97075,0.9052,90.52
T1272s2,openfold,510,8.093888528963328,62.57255149201956,2.016216363927552,572.5725514920196,10.110104892890881,0.860591620212192,41.18169237985639,0.6538,65.38000000000001,0.5237,0.6562,0.7035,0.7319,external_tmscore_matched,,0.70411,0.6538,65.38000000000001
T1272s3,openfold,502,7.983690470977788,51.65915359801147,1.636072605509563,553.6591535980115,9.61976307648735,0.7961028525512255,14.03325522523702,0.2634,26.340000000000003,0.1412,0.1794,0.2595,0.4733,external_tmscore_matched,,0.4694,0.2634,26.340000000000003
T1272s4,openfold,508,8.003784313647538,46.99368206807412,1.4302670077168806,554.9936820680741,9.434051321364418,0.8580755323423062,10.939006548847146,0.3783,37.830000000000005,0.1487,0.29,0.461,0.6134,external_tmscore_matched,,0.49598,0.3783,37.830000000000005
T1272s5,openfold,510,8.06280811519442,47.35274493205361,1.466816350311863,557.3527449320536,9.529624465506283,0.8406274980015987,11.270051748812929,0.3627,36.27,0.1553,0.3106,0.3826,0.6023,external_tmscore_matched,,0.47059,0.3627,36.27
T1272s6,openfold,554,8.76354056421374,193.09741554805078,6.458831276695132,747.0974155480508,15.22237184090887,0.8633479335130279,19.476473867306726,0.5394,53.94,0.4825,0.5325,0.5525,0.59,external_tmscore_matched,,0.59591,0.5394,53.94
T1272s7,openfold,512,8.041406234300116,37.63912644702941,1.1080815588982493,549.6391264470294,9.149487793198364,0.7606100795755968,25.462039918015595,0.3897,38.97,0.2069,0.4,0.469,0.4828,external_tmscore_matched,,0.47664,0.3897,38.97
T1272s9,openfold,507,7.999213748677339,37.14713814295828,1.089206760780211,544.1471381429583,9.08842050945755,0.8796370429677075,1.734039840302645,0.9171,91.71,0.7943,0.9086,0.9657,1.0,external_tmscore_matched,,0.94086,0.9171,91.71
T1280,openfold,536,8.39781342980597,38.777008082019165,1.1199061007298707,574.7770080820192,9.51771953053584,0.9244261761354388,1.1677637592026366,0.9327,93.27,0.7821,0.953,0.9957,1.0,external_tmscore_matched,,0.96866,0.9327,93.27
T1299,openfold,498,7.888950611772016,27.16268241009675,0.7326862871561565,525.1626824100967,8.621636898928172,0.9502158661629788,0.937775765797083,0.9583,95.83,0.8571,0.9762,1.0,1.0,external_tmscore_matched,,0.96889,0.9583,95.83
T1104,protenix,482,7.350704907507474,81.12402988492977,1.212709616715177,563.1240298849298,8.563414524222651,0.7916192643155102,3.628345231823239,0.8152,81.52000000000001,0.5739,0.8261,0.8957,0.9652,external_tmscore_matched,,0.83481,0.8152,81.52000000000001
T1106s1,protenix,495,7.709543275974767,82.31329041300341,1.2547042365522736,577.3132904130034,8.96424751252704,0.8892709766162311,10.03267306862216,0.6549,65.49000000000001,0.4366,0.6338,0.7324,0.8169,external_tmscore_matched,,0.6074,0.6549,65.49000000000001
T1106s2,protenix,514,7.981798740830475,82.32879552303348,1.2447296485347896,596.3287955230335,9.226528389365264,0.9541062801932368,1.5229938045040714,0.9459,94.59,0.8559,0.955,0.973,1.0,external_tmscore_matched,,0.94415,0.9459,94.59
T1112,protenix,503,8.079588193289556,95.26378567190841,1.7939052024381317,598.2637856719084,9.873493395727689,0.8919005374051011,3.063812625660104,0.76,76.0,0.4554,0.7076,0.8884,0.9888,external_tmscore_matched,,0.904,0.76,76.0
T1114s1,protenix,487,7.695032424384155,82.368422608939,1.277488508999492,569.368422608939,8.972520933383647,0.8302884615384615,11.183106924595346,0.5763,57.63,0.4237,0.5085,0.6271,0.7458,external_tmscore_matched,,0.51656,0.5763,57.63
T1114s2,protenix,494,7.837557282486434,89.94213084201328,1.5761146337568488,583.9421308420133,9.413671916243283,0.9404775344321517,1.0503553703796058,0.9573,95.73,0.8696,0.9658,0.9938,1.0,external_tmscore_matched,,0.98136,0.9573,95.73
T1114s3,protenix,512,8.204328002005301,110.24890143296216,2.2221594348371605,622.2489014329622,10.42648743684246,0.9373178276128724,1.7940993099557914,0.9653,96.53,0.8984,0.9805,0.9902,0.9922,external_tmscore_matched,,0.98301,0.9653,96.53
T1120,protenix,500,7.878973354006212,88.07998579193372,1.379966241297617,588.0799857919337,9.25893959530383,0.9184569184569183,8.107223662856427,0.523,52.3,0.3772,0.5044,0.5219,0.6886,external_tmscore_matched,,0.52212,0.523,52.3
T1122,protenix,506,8.002479920429582,83.9205211000517,1.326892258181896,589.9205211000517,9.329372178611479,0.4489819004524887,19.74106502402421,0.213,21.3,0.1043,0.1435,0.213,0.3913,external_tmscore_matched,,0.3107,0.213,21.3
T1129s2,protenix,494,8.014984531996308,117.39841918204911,2.596441015519808,611.3984191820491,10.611425547516117,0.6637008101851852,4.612226832092522,0.6723,67.23,0.428,0.608,0.7462,0.9072,external_tmscore_matched,,0.86829,0.6723,67.23
T1133,protenix,538,8.533183673811552,110.41018849494867,2.331340964658542,648.4101884949487,10.864524638470094,0.9288173721421356,6.551496898861971,0.9377,93.77,0.8606,0.934,0.9731,0.9829,external_tmscore_matched,,0.98336,0.9377,93.77
T1134s1,protenix,509,8.023340187807488,81.86180328193586,1.2961040288468741,590.8618032819359,9.319444216654363,0.964821019220596,0.8278329834792544,0.9674,96.74,0.887,0.9826,1.0,1.0,external_tmscore_matched,,0.9827,0.9674,96.74
T1134s2,protenix,504,7.90373884173922,85.70625622093212,1.4285901319452123,589.7062562209321,9.332328973684433,0.8418725912491499,6.4370195729799535,0.8267,82.67,0.7228,0.8317,0.8564,0.896,external_tmscore_matched,,0.87199,0.8267,82.67
T1137s1,protenix,518,8.27252174762291,91.73223727603909,1.6533145559347573,609.7322372760391,9.925836303557668,0.8806635071090048,70.17801400231785,0.2972,29.72,0.2245,0.2628,0.2908,0.4107,external_tmscore_matched,,0.32427,0.2972,29.72
T1137s2,protenix,525,8.31571688928271,88.26466016098857,1.5108026115778135,613.2646601609886,9.826519500860524,0.8866766123479459,55.21621974767272,0.3612,36.120000000000005,0.2866,0.3134,0.409,0.4358,external_tmscore_matched,,0.41029,0.3612,36.120000000000005
T1137s3,protenix,531,8.4196141828878,103.9738433540333,2.0947098207842436,634.9738433540333,10.514324003672044,0.8788141900272886,55.2770161190375,0.3589,35.89,0.3,0.3226,0.371,0.4419,external_tmscore_matched,,0.41475,0.3589,35.89
T1137s4,protenix,536,8.530513872267983,106.54349866404664,2.1875885028740245,642.5434986640466,10.718102375142008,0.8462255772646536,63.53234233133683,0.2909,29.09,0.2468,0.2701,0.2909,0.3558,external_tmscore_matched,,0.31018,0.2909,29.09
T1137s5,protenix,532,8.424232570021019,90.4783271739725,1.6109777516271877,622.4783271739725,10.035210321648206,0.8890371688414394,64.48898554061651,0.331,33.1,0.2793,0.3184,0.338,0.3883,external_tmscore_matched,,0.35229,0.331,33.1
T1137s6,protenix,520,8.311935585470003,105.4403601809172,2.1393031488335827,625.4403601809172,10.451238734303587,0.8909733550842849,59.536855217075136,0.3026,30.26,0.2206,0.2732,0.3459,0.3709,external_tmscore_matched,,0.34715,0.3026,30.26
T1137s7,protenix,760,11.53496087800247,124.59804786799941,2.8017754511517854,884.5980478679994,14.336736329154256,0.8782787420070469,15.262644103800366,0.8186,81.86,0.5552,0.8361,0.9398,0.9431,external_tmscore_matched,,0.95469,0.8186,81.86
T1137s8,protenix,507,8.015965457640803,84.84409228491131,1.3821836199096096,591.8440922849113,9.398149077550412,0.9240261788361458,1.470729823669977,0.8982,89.82,0.6917,0.917,0.9842,1.0,external_tmscore_matched,,0.95631,0.8982,89.82
T1137s9,protenix,505,7.885226931044782,85.1377299069427,1.4107489858280806,590.1377299069427,9.295975916872862,0.9313543599257884,1.5945632685726536,0.9059,90.59,0.7072,0.9392,0.9772,1.0,external_tmscore_matched,,0.95832,0.9059,90.59
T1145,protenix,533,8.510541795277907,117.25000947504304,2.550150564536761,650.250009475043,11.060692359814668,0.9407698056801196,3.191311605217437,0.7789,77.89,0.5538,0.7263,0.8418,0.9937,external_tmscore_matched,,0.91228,0.7789,77.89
T1147,protenix,505,7.879150543068087,81.72204845701344,1.2262348553578941,586.7220484570134,9.10538539842598,0.986969851814001,0.4110440512970988,0.9946,99.46,0.9783,1.0,1.0,1.0,external_tmscore_matched,,0.98682,0.9946,99.46
T1151s2,protenix,505,7.863449589779959,80.53788404993247,1.2312573681551353,585.5378840499325,9.094706957935095,0.8862079701120797,2.630737582894452,0.881,88.1,0.7024,0.9048,0.9405,0.9762,external_tmscore_matched,,0.88517,0.881,88.1
T1155,protenix,501,7.802945852131387,81.29008776694536,1.2298050784623704,582.2900877669454,9.032750930593757,0.5936823885763739,6.985943147315068,0.5496,54.96,0.2845,0.4655,0.6034,0.8448,external_tmscore_matched,,0.60873,0.5496,54.96
T1157s2,protenix,574,9.003273729227882,102.46944003901444,2.0064735953165447,676.4694400390144,11.009747324544426,0.9075058275058276,10.31646213817761,0.472,47.2,0.2716,0.3276,0.5345,0.7543,external_tmscore_matched,,0.64124,0.472,47.2
T1159,protenix,505,7.89810711090337,81.59585086605512,1.255890291824664,586.5958508660551,9.153997402728034,0.9725186104218362,0.5381214929873738,0.9828,98.28,0.9375,0.9938,1.0,1.0,external_tmscore_matched,,0.98792,0.9828,98.28
T1183,protenix,521,8.131117050689086,81.8270315049449,1.2656022156519957,602.8270315049449,9.396719266341082,0.9616497829232996,0.8012253950191454,0.9756,97.56,0.9179,0.9897,0.9949,1.0,external_tmscore_matched,,0.98212,0.9756,97.56
T1185s1,protenix,534,8.388926013571812,88.3897415389074,1.5153472843210753,622.3897415389074,9.904273297892887,0.8476487523992322,10.808937403979568,0.8393,83.93,0.8,0.8286,0.8571,0.8714,external_tmscore_matched,,0.80626,0.8393,83.93
T1185s2,protenix,539,8.50822798175908,89.11400939396117,1.552863765186373,628.1140093939612,10.061091746945452,0.8403234841058675,8.076084967213355,0.7181,71.81,0.5655,0.7125,0.7732,0.8211,external_tmscore_matched,,0.80089,0.7181,71.81
T1185s4,protenix,526,8.28631436185731,83.4260421450017,1.3582739555178673,609.4260421450017,9.644588317375177,0.8694767979293769,1.5115492273763398,0.922,92.2,0.7564,0.9487,0.9829,1.0,external_tmscore_matched,,0.95946,0.922,92.2
T1194,protenix,509,7.979746492456259,83.03511042299215,1.2740391489129468,592.0351104229921,9.253785641369205,0.9772319138019496,0.5771958597174006,0.9878,98.78,0.9573,0.9939,1.0,1.0,external_tmscore_matched,,0.99069,0.9878,98.78
T1212,protenix,531,8.435638057219712,98.14422930998262,1.8611224031388711,629.1442293099826,10.296760460358584,0.9200258278756572,2.218987744256667,0.7639,76.39,0.3991,0.7082,0.9506,0.9979,external_tmscore_matched,,0.93702,0.7639,76.39
T1227s1,protenix,508,8.139007376423903,92.56986814702395,1.7030522865272855,600.569868147024,9.842059662951188,0.912144769357496,1.1548387209016873,0.8954,89.53999999999999,0.6327,0.9515,0.9974,1.0,external_tmscore_matched,,0.97594,0.8954,89.53999999999999
T1266,protenix,539,8.506983475778876,87.28069665294606,1.4730732952924557,626.2806966529461,9.980056771071332,0.9567909635274904,0.69193626500196,0.9807,98.07,0.9295,0.9933,1.0,1.0,external_tmscore_matched,,0.98849,0.9807,98.07
T1272s2,protenix,510,8.093888528963328,88.02971630496904,1.5116650411497128,598.029716304969,9.605553570113042,0.8609512677575976,29.421964346971404,0.6632,66.32000000000001,0.5268,0.6814,0.7129,0.7319,external_tmscore_matched,,0.71031,0.6632,66.32000000000001
T1272s3,protenix,502,7.983690470977788,86.9946009729756,1.4397309168517538,588.9946009729756,9.423421387829542,0.7646645239051828,26.26957423830449,0.2233,22.33,0.1221,0.1794,0.2214,0.3702,external_tmscore_matched,,0.3892,0.2233,22.33
T1272s4,protenix,508,8.003784313647538,83.404880492948,1.3660290247376108,591.404880492948,9.369813338385148,0.8174969867416633,17.252702833707882,0.2807,28.07,0.1227,0.197,0.3346,0.4684,external_tmscore_matched,,0.37743,0.2807,28.07
T1272s5,protenix,510,8.06280811519442,85.25572486803867,1.3965865399737503,595.2557248680387,9.45939465516817,0.7729816147082333,32.061891446923475,0.2178,21.78,0.1098,0.1553,0.2121,0.3939,external_tmscore_matched,,0.3266,0.2178,21.78
T1272s6,protenix,554,8.76354056421374,116.41430995799601,2.534585188889641,670.414309957996,11.298125753103381,0.8703110961365679,18.46194756223287,0.5437,54.37,0.4625,0.5375,0.5775,0.5975,external_tmscore_matched,,0.58041,0.5437,54.37
T1272s7,protenix,512,8.041406234300116,84.40618981304578,1.3431341389658582,596.4061898130458,9.384540373265974,0.736737400530504,48.5673618279658,0.3828,38.28,0.1862,0.3931,0.469,0.4828,external_tmscore_matched,,0.42719,0.3828,38.28
T1272s9,protenix,507,7.999213748677339,83.81034135597292,1.3242583029247506,590.8103413559729,9.323472051602089,0.8669602348545503,2.4225100689928367,0.8829,88.29,0.7029,0.9086,0.9429,0.9771,external_tmscore_matched,,0.91943,0.8829,88.29
T1280,protenix,536,8.39781342980597,83.2101903569419,1.3361310948862917,619.2101903569419,9.733944524692262,0.9643089695588476,0.7786365287357571,0.9754,97.54,0.9231,0.9829,0.9957,1.0,external_tmscore_matched,,0.98717,0.9754,97.54
T1299,protenix,498,7.888950611772016,83.49166978197172,1.2904100519047912,581.4916697819717,9.179360663676807,0.944886670264436,0.989023091470028,0.942,94.2,0.7917,0.9762,1.0,1.0,external_tmscore_matched,,0.96444,0.942,94.2
T1104,af2,1040.379951,27.048911345309097,110.992000,3.2751721087968098,1151.3719509999999,30.324083454105907,0.8779863481228669,1.5565307713868923,0.8957,89.57000000000001,0.6435,0.9565,0.9826,1.0,external_tmscore_matched,,0.91919,0.8957,89.57000000000001
T1106s1,af2,1013.433652,26.501233673908224,106.003626,3.326938593232251,1119.437278,29.828172267140474,0.9054332874828062,3.577608054739614,0.7218,72.18,0.4507,0.6479,0.7887,1.0,external_tmscore_matched,,0.7124,0.7218,72.18
T1106s2,af2,4101.883428,107.27717390554155,109.464331,3.384705881766351,4211.347759,110.6618797873079,0.9523495827843654,1.501645872408519,0.9347,93.47,0.8108,0.964,0.964,1.0,external_tmscore_matched,,0.93735,0.9347,93.47
T1112,af2,1264.396399,33.080941116761075,154.866621,5.872379461873592,1419.2630199999999,38.95332057863467,0.8851189968438112,3.3630817355803595,0.7573,75.73,0.4888,0.7054,0.8527,0.9821,external_tmscore_matched,,0.89039,0.7573,75.73
T1114s1,af2,1051.872223,27.58882470499923,111.247427,3.52416638379703,1163.11965,31.11299108879626,0.8480769230769231,13.37117199450877,0.7288,72.88,0.4746,0.6949,0.8644,0.8814,external_tmscore_matched,,0.68166,0.7288,72.88
T1114s2,af2,1240.840949,32.44997539875634,145.730290,5.275006191097517,1386.5712389999999,37.724981589853854,0.9206367125762024,1.1811613541064534,0.9387,93.87,0.8137,0.9534,0.9876,1.0,external_tmscore_matched,,0.97575,0.9387,93.87
T1114s3,af2,1274.640950,33.474892227827574,198.523135,7.861954007616014,1473.164085,41.33684623544359,0.9412884420914877,0.8435022708019326,0.96,96.0,0.8477,0.9941,0.998,1.0,external_tmscore_matched,,0.98967,0.96,96.0
T1120,af2,1066.922621,28.04957100543446,117.319802,3.902175286461129,1184.242423,31.95174629189559,0.8987063987063986,7.631947048973557,0.5164,51.64,0.3421,0.4693,0.5219,0.7325,external_tmscore_matched,,0.51913,0.5164,51.64
T1122,af2,1005.633554,26.39890397344799,119.303781,3.840496401866598,1124.937335,30.239400375314588,0.4196832579185521,23.598504969203443,0.2326,23.26,0.0957,0.1565,0.2348,0.4435,external_tmscore_matched,,0.38702,0.2326,23.26
T1129s2,af2,1279.629845,33.558074222563974,205.681160,8.191885908388805,1485.311005,41.74996013095278,0.6438078703703703,4.867951040875987,0.6738,67.38,0.428,0.5985,0.7481,0.9205,external_tmscore_matched,,0.8565,0.6738,67.38
T1133,af2,6211.609502,162.70511879400988,216.776539,8.533482159390376,6428.386041000001,171.23860095340027,0.913460655587182,8.983100384558677,0.9242,92.42,0.8068,0.9364,0.9707,0.9829,external_tmscore_matched,,0.9792,0.9242,92.42
T1134s1,af2,2839.525997,74.50662290442791,116.645975,3.8236533194352416,2956.171972,78.33027622386315,0.9243519661435372,1.2490844532192789,0.9261,92.61,0.7652,0.9478,0.9913,1.0,external_tmscore_matched,,0.96284,0.9261,92.61
T1134s2,af2,1138.702128,29.89727369169084,131.824952,4.564093491957239,1270.5270799999998,34.46136718364808,0.8320675583767853,6.6020635290455365,0.828,82.8,0.7376,0.8267,0.8564,0.8911,external_tmscore_matched,,0.87177,0.828,82.8
T1137s1,af2,1518.098749,39.95958716112097,154.727693,5.552085282649012,1672.826442,45.51167244376998,0.8939336492890995,32.1859185711586,0.3501,35.010000000000005,0.2347,0.2959,0.4235,0.4464,external_tmscore_matched,,0.40345,0.3501,35.010000000000005
T1137s2,af2,1358.867223,35.43619738937031,140.725375,4.828222337760211,1499.592598,40.264419727130516,0.9344732614184073,42.53839819828597,0.391,39.1,0.2806,0.3881,0.4418,0.4537,external_tmscore_matched,,0.44779,0.391,39.1
T1137s3,af2,1711.915876,45.062450796272955,180.424943,7.142965300441799,1892.340819,52.20541609671476,0.9103820391962292,54.12575388508395,0.3524,35.24,0.3,0.3161,0.3387,0.4548,external_tmscore_matched,,0.39841,0.3524,35.24
T1137s4,af2,1752.921203,45.983131956863495,203.609677,7.972779575005137,1956.53088,53.95591153186863,0.8104351687388988,60.80513127463133,0.3078,30.78,0.2364,0.2935,0.3299,0.3714,external_tmscore_matched,,0.32825,0.3078,30.78
T1137s5,af2,1417.824439,37.122772447638184,150.445989,5.401460111709317,1568.270428,42.5242325593475,0.9152332937920126,16.896486075626374,0.3785,37.85,0.2849,0.338,0.4078,0.4832,external_tmscore_matched,,0.44858,0.3785,37.85
T1137s6,af2,1623.222129,42.60559112599992,189.162171,7.247503777700115,1812.3843,49.85309490370004,0.9113648722131592,19.93448521568467,0.339,33.900000000000006,0.2256,0.2882,0.3985,0.4436,external_tmscore_matched,,0.42447,0.339,33.900000000000006
T1137s7,af2,7929.586827,210.2423102200502,242.145751,9.741252628301218,8171.732578,219.98356284835143,0.8757014224194181,14.1954725033778,0.837,83.7,0.6054,0.8595,0.9398,0.9431,external_tmscore_matched,,0.95857,0.837,83.7
T1137s8,af2,1097.068322,28.656976929222605,123.273502,4.151840720226491,1220.341824,32.8088176494491,0.9196104715344584,1.3037005850428185,0.9061,90.61,0.6719,0.9565,0.996,1.0,external_tmscore_matched,,0.96285,0.9061,90.61
T1137s9,af2,1114.999834,29.308623511852996,127.525382,4.336482320396153,1242.525216,33.64510583224915,0.9378092145949288,1.591403758825392,0.8869,88.69,0.6578,0.9087,0.981,1.0,external_tmscore_matched,,0.94774,0.8869,88.69
T1145,af2,1349.027748,35.56024351510846,228.669841,9.230917443341493,1577.6975889999999,44.79116095844995,0.932376106703461,3.243340298664598,0.7737,77.37,0.5396,0.7073,0.8544,0.9937,external_tmscore_matched,,0.90711,0.7737,77.37
T1147,af2,1028.139905,27.00101312096678,109.867023,3.3017142488403017,1138.006928,30.30272736980708,0.9583546244251404,0.5590734789707198,0.9864,98.64,0.9457,1.0,1.0,1.0,external_tmscore_matched,,0.97584,0.9864,98.64
T1151s2,af2,1016.393052,26.64071918141504,101.321376,3.045412649800561,1117.714428,29.6861318312156,0.87686799501868,1.86975474630148,0.8929,89.29,0.7262,0.8929,0.9524,1.0,external_tmscore_matched,,0.87765,0.8929,89.29
T1155,af2,1023.623796,26.82502872566134,102.127192,3.2085361961330165,1125.750988,30.03356492179436,0.6101254868022501,7.520978501908551,0.5841,58.41,0.3017,0.4569,0.6983,0.8793,external_tmscore_matched,,0.60574,0.5841,58.41
T1157s2,af2,1783.580493,46.97689060596048,175.961518,6.692659795024452,1959.542011,53.66955040098493,0.9195804195804196,6.634234451176138,0.5528,55.28,0.2672,0.3772,0.6315,0.9353,external_tmscore_matched,,0.76603,0.5528,55.28
T1159,af2,1029.194291,27.007875428849644,99.327662,3.1637673244668987,1128.521953,30.171642753316544,0.963895781637717,0.6684091000721666,0.975,97.5,0.9062,0.9938,1.0,1.0,external_tmscore_matched,,0.98119,0.975,97.5
T1183,af2,1083.014001,28.373228947791322,105.338065,3.502569359412075,1188.352066,31.875798307203397,0.9460926193921853,1.212480469817416,0.9551,95.51,0.8667,0.9641,0.9897,1.0,external_tmscore_matched,,0.97055,0.9551,95.51
T1185s1,af2,27.634191,0.6133563186381221,138.996576,4.9344697360640115,166.630767,5.547826054702133,0.8565259117082533,8.93166319457794,0.85,85.0,0.7857,0.8714,0.8714,0.8714,external_tmscore_matched,,0.83254,0.85,85.0
T1185s2,af2,27.912253,0.6337924294636725,137.362398,4.957343197672416,165.274651,5.591135627136088,0.8554474163282454,7.596197308021409,0.7308,73.08,0.6006,0.7157,0.7668,0.8403,external_tmscore_matched,,0.82528,0.7308,73.08
T1185s4,af2,1353.946541,35.516077902389654,119.370156,4.134820093766947,1473.316697,39.6508979961566,0.8715566648178961,1.5131201871404447,0.9284,92.84,0.7821,0.9487,0.9829,1.0,external_tmscore_matched,,0.96063,0.9284,92.84
T1194,af2,1040.458975,27.236000141153482,100.935586,3.194037105904998,1141.394561,30.43003724705848,0.8805156490507953,1.969270835679928,0.8643,86.42999999999999,0.622,0.8659,0.9695,1.0,external_tmscore_matched,,0.90513,0.8643,86.42999999999999
T1212,af2,1368.750749,35.84029988225594,168.927914,6.3528330874641865,1537.6786630000001,42.193132969720125,0.9240614334470988,2.286533270866999,0.7859,78.59,0.4893,0.6974,0.9635,0.9936,external_tmscore_matched,,0.9357,0.7859,78.59
T1227s1,af2,1268.619721,33.12287902737981,162.210758,5.9885585678966455,1430.830479,39.111437595276456,0.9091330313014828,1.1928052996748917,0.9082,90.82,0.6964,0.9413,0.9949,1.0,external_tmscore_matched,,0.97486,0.9082,90.82
T1266,af2,3319.203990,87.41928512385202,125.973391,4.460744389659158,3445.177381,91.88002951351118,0.6836213935764834,14.338844980697914,0.568,56.8,0.4732,0.5872,0.5973,0.6141,external_tmscore_matched,,0.65437,0.568,56.8
T1272s2,af2,1182.115565,30.896293593978154,144.359712,5.119568663395864,1326.475277,36.01586225737402,0.864502787268477,38.44970412696788,0.6538,65.38000000000001,0.5016,0.6656,0.7161,0.7319,external_tmscore_matched,,0.70637,0.6538,65.38000000000001
T1272s3,af2,1113.344034,29.218645653196546,131.452944,4.3896710889860975,1244.7969779999999,33.608316742182645,0.8075532342306146,11.214157308075286,0.2824,28.24,0.145,0.1908,0.2748,0.5191,external_tmscore_matched,,0.47625,0.2824,28.24
T1272s4,af2,1107.442452,29.088683446997468,129.087369,4.315395549429762,1236.529821,33.40407899642723,0.8592808356769788,11.847923228688035,0.342,34.2,0.145,0.2788,0.4089,0.5353,external_tmscore_matched,,0.47367,0.342,34.2
T1272s5,af2,1105.656933,29.025677044204944,128.254675,4.247793910626903,1233.911608,33.27347095483185,0.8495203836930455,11.51057352052228,0.3523,35.23,0.1288,0.2765,0.4242,0.5795,external_tmscore_matched,,0.48204,0.3523,35.23
T1272s6,af2,1468.894615,38.64894724991445,210.631367,8.469146734575041,1679.5259819999999,47.11809398448949,0.8927729110512129,19.919265675575637,0.5581,55.81,0.52,0.55,0.5675,0.595,external_tmscore_matched,,0.6072,0.5581,55.81
T1272s7,af2,1159.520757,30.201622012050173,119.624213,3.9488209480124232,1279.14497,34.1504429600626,0.7581233421750663,34.3530995844346,0.3966,39.66,0.2345,0.4,0.469,0.4828,external_tmscore_matched,,0.42941,0.3966,39.66
T1272s9,af2,1165.687333,30.539874191055453,117.600953,3.93696373985423,1283.288286,34.47683793090968,0.8766346410461703,1.6422068903061535,0.9129,91.29,0.7657,0.9143,0.9714,1.0,external_tmscore_matched,,0.94433,0.9129,91.29
T1280,af2,1133.862199,29.686911991484592,119.558567,3.9850188455094053,1253.420766,33.671930836994,0.940297900048836,0.871127793758384,0.9573,95.73,0.8547,0.9744,1.0,1.0,external_tmscore_matched,,0.97967,0.9573,95.73
T1299,af2,1187.231218,30.153096963839396,101.743525,3.5166292887117434,1288.974743,33.669726252551136,0.9494738262277388,0.8139905182924356,0.9613,96.13,0.8512,0.994,1.0,1.0,external_tmscore_matched,,0.97398,0.9613,96.13
